sep=,
Kor MEASUREMENT DATA FILE EXPORT

"FILE CREATED:  ",4/24/2025 8:42:21 PM

,,,MEAN VALUE:,89.3096,8.9991,6.1415,742.7926,31316.2801,31.4347,0.6550,0.0000,48947.3985,0.6239,0.1624,0.4950,2.9589,11.9000,1.1890,60.6569,-145.8909,91.3794,92.0074,49729.0588,31815.7868,4.8699,32.0000,24.7228,0.0000,18.8792,0.0000,18.9580,27.6329,24.8471
,,,STANDARD DEVIATION:,8.7920,0.8808,0.0703,0.1705,85.6043,0.1466,0.1091,0.0000,222.0301,0.5159,0.1377,0.5829,0.0031,0.0000,1.5917,0.0000,0.0001,9.0066,9.0661,222.5445,144.3620,2.4451,0.0000,0.1231,0.0000,9.4050,0.0000,9.3669,13.6546,0.1843

,,,INSTRUMENT NAME:,
,,,SENSOR SERIAL NUMBER:,23G100667,23G100667,24F100920,23H106348,24F100920,24F100920,23H105114,23H105114,24F100920,23H105946,23H105946,23H105946,23J102724,23J102724,23H105946,23H106348,23H106348,23G100667,23G100667,24F100920,24F100920,23H106348,24F100920,24F100920,23H105946,23H102976,23H105946,23H102976,23H102976,24F100920
Date (MM/DD/YYYY),Time (hh:mm:ss tt),Time (Fract. Sec),Site Name,DO ( % Sat ),DO ( mg/L ),Temp ( °C ),Barometer ( mmHg ),Cond ( µS/cm ),Sal ( psu ),Turbidity ( FNU ),TSS ( mg/L ),Sp Cond ( µS/cm ),Chlorophyll ( µg/L ),Chlorophyll ( RFU ),Phycoerythrin ( RFU ),Battery Power ( voltage ),Cable Power ( voltage ),Phycoerythrin ( µg/L ),GPS Latitude ( ° ),GPS Longitude ( ° ),DO ( % LocalB ),DO ( % CB ),nLFCond ( µS/cm ),TDS ( mg/L ),Altitude ( m ),Resistivity ( ohms-cm ),Water Density ( Sigma-T ),Chlorophyll ( cells/mL ),Vertical Position ( m ),Phycoerythrin ( cells/mL ),Depth ( m ),Absolute Pressure ( psi a ),Water Density ( Sigma ),Fault Code
04/11/2025,12:12:30 AM,0,SBO1,83.3,8.39,6.118,742.7,31412.3,31.56,0.82,0,49131.2,0.70,0.18,0.34,2.95,11.9,0.77,60.65693,-145.89087,85.2,85.8,49914.7,31935,9.6,32,24.8,0,32.105,0,31.825,46.390,25.0,0
04/11/2025,12:12:31 AM,0,SBO1,83.1,8.37,6.118,742.8,31412.7,31.56,0.82,0,49131.5,0.72,0.19,0.35,2.95,11.9,0.79,60.65693,-145.89087,85.0,85.6,49915.0,31935,10.0,32,24.8,0,32.122,0,31.854,46.432,25.0,0
04/11/2025,12:12:32 AM,0,SBO1,83.0,8.36,6.118,742.6,31412.6,31.56,0.82,0,49131.2,0.74,0.19,0.35,2.95,11.9,0.79,60.65693,-145.89087,84.9,85.5,49914.7,31935,9.8,32,24.8,0,32.109,0,31.866,46.450,25.0,0
04/11/2025,12:12:33 AM,0,SBO1,82.9,8.35,6.118,742.8,31413.2,31.56,0.83,0,49132.1,0.75,0.19,0.36,2.95,11.9,0.81,60.65693,-145.89087,84.8,85.4,49915.6,31936,9.8,32,24.8,0,31.817,0,31.866,46.450,25.0,0
04/11/2025,12:12:34 AM,0,SBO1,82.8,8.34,6.119,742.9,31412.8,31.56,0.82,0,49131.4,0.78,0.20,0.34,2.95,11.9,0.78,60.65693,-145.89087,84.7,85.3,49914.9,31935,9.8,32,24.8,0,31.669,0,31.856,46.436,25.0,0
04/11/2025,12:12:35 AM,0,SBO1,82.7,8.33,6.119,742.7,31412.6,31.56,0.83,0,49131.1,0.67,0.18,0.38,2.95,11.9,0.87,60.65693,-145.89087,84.6,85.2,49914.6,31935,9.6,32,24.8,0,31.408,0,31.837,46.408,25.0,0
04/11/2025,12:12:36 AM,0,SBO1,82.6,8.32,6.119,742.9,31412.7,31.56,0.83,0,49131.1,0.58,0.15,0.39,2.96,11.9,0.89,60.65693,-145.89087,84.5,85.1,49914.6,31935,9.4,32,24.8,0,31.107,0,31.021,45.218,25.0,0
04/11/2025,12:12:37 AM,0,SBO1,82.5,8.32,6.118,742.6,31412.3,31.56,0.83,0,49130.6,0.59,0.15,0.39,2.96,11.9,0.90,60.65693,-145.89087,84.5,85.0,49914.1,31935,9.0,32,24.8,0,31.033,0,31.041,45.248,25.0,0
04/11/2025,12:12:38 AM,0,SBO1,82.5,8.31,6.118,742.6,31411.8,31.56,0.84,0,49130.1,0.56,0.15,0.39,2.96,11.9,0.90,60.65693,-145.89087,84.4,85.0,49913.6,31935,9.4,32,24.8,0,31.051,0,31.047,45.257,25.0,0
04/11/2025,12:12:39 AM,0,SBO1,82.4,8.30,6.118,742.7,31412.2,31.56,0.84,0,49130.7,0.51,0.13,0.40,2.96,11.9,0.94,60.65693,-145.89087,84.3,84.9,49914.2,31935,9.6,32,24.8,0,30.835,0,30.960,45.130,25.0,0
04/11/2025,12:12:40 AM,0,SBO1,82.3,8.29,6.118,742.9,31411.5,31.56,0.85,0,49129.8,0.46,0.12,0.38,2.96,11.9,0.88,60.65692,-145.89087,84.2,84.8,49913.3,31934,9.5,32,24.8,0,30.469,0,30.675,44.715,25.0,0
04/11/2025,12:12:41 AM,0,SBO1,82.3,8.29,6.118,742.9,31411.8,31.56,0.84,0,49130.5,0.45,0.12,0.39,2.96,11.9,0.92,60.65692,-145.89087,84.2,84.8,49914.0,31935,9.5,32,24.8,0,30.371,0,30.475,44.422,25.0,0
04/11/2025,12:12:42 AM,0,SBO1,82.2,8.28,6.118,742.6,31411.6,31.56,0.85,0,49130.4,0.45,0.12,0.42,2.96,11.9,0.98,60.65692,-145.89087,84.1,84.7,49913.9,31935,9.4,32,24.8,0,30.296,0,30.416,44.336,25.0,0
04/11/2025,12:12:45 AM,0,SBO1,82.1,8.27,6.117,742.9,31409.9,31.56,0.84,0,49128.3,0.39,0.10,0.37,2.96,11.9,0.86,60.65693,-145.89085,84.0,84.5,49911.8,31933,10.4,32,24.8,0,29.542,0,29.479,42.971,25.0,0
04/11/2025,12:12:46 AM,0,SBO1,82.0,8.26,6.117,742.9,31409.0,31.55,0.83,0,49127.2,0.39,0.10,0.30,2.96,11.9,0.66,60.65693,-145.89085,83.9,84.5,49910.6,31933,10.7,32,24.8,0,29.206,0,29.005,42.279,25.0,0
04/11/2025,12:12:48 AM,0,SBO1,81.9,8.26,6.117,742.8,31408.1,31.55,0.83,0,49126.4,0.37,0.09,0.29,2.96,11.9,0.63,60.65693,-145.89085,83.8,84.4,49909.8,31932,10.8,32,24.8,0,28.802,0,28.836,42.033,25.0,0
04/11/2025,12:12:51 AM,0,SBO1,81.9,8.25,6.117,742.9,31406.5,31.55,0.79,0,49124.4,0.38,0.10,0.31,2.96,11.9,0.67,60.65693,-145.89085,83.8,84.3,49907.7,31931,9.5,32,24.8,0,28.194,0,28.505,41.551,25.0,0
04/11/2025,12:12:52 AM,0,SBO1,81.9,8.25,6.116,742.9,31406.2,31.55,0.77,0,49124.1,0.42,0.11,0.32,2.96,11.9,0.72,60.65693,-145.89085,83.8,84.3,49907.5,31931,9.0,32,24.8,0,28.000,0,28.425,41.434,25.0,0
04/11/2025,12:12:53 AM,0,SBO1,81.9,8.25,6.116,742.9,31405.0,31.55,0.76,0,49122.4,0.43,0.11,0.34,2.96,11.9,0.76,60.65693,-145.89085,83.7,84.3,49905.7,31930,8.9,32,24.8,0,27.548,0,27.373,39.900,25.0,0
04/11/2025,12:12:54 AM,0,SBO1,81.8,8.25,6.116,743.1,31403.5,31.55,0.74,0,49120.4,0.48,0.12,0.32,2.96,11.9,0.70,60.65693,-145.89085,83.7,84.3,49903.6,31928,8.3,32,24.8,0,27.387,0,27.346,39.861,25.0,0
04/11/2025,12:12:55 AM,0,SBO1,81.9,8.25,6.116,742.9,31401.7,31.55,0.73,0,49118.1,0.51,0.13,0.33,2.96,11.9,0.73,60.65693,-145.89085,83.7,84.3,49901.3,31927,8.0,32,24.8,0,27.377,0,27.355,39.875,25.0,0
04/11/2025,12:12:56 AM,0,SBO1,81.9,8.25,6.115,742.9,31399.9,31.55,0.73,0,49115.7,0.51,0.13,0.32,2.96,11.9,0.70,60.65693,-145.89085,83.7,84.3,49898.9,31925,7.8,32,24.8,0,27.360,0,27.308,39.806,25.0,0
04/11/2025,12:12:57 AM,0,SBO1,81.9,8.25,6.115,742.7,31398.5,31.55,0.73,0,49114.1,0.52,0.13,0.36,2.96,11.9,0.81,60.65693,-145.89087,83.8,84.3,49897.2,31924,6.2,32,24.8,0,27.341,0,27.355,39.874,25.0,0
04/11/2025,12:12:58 AM,0,SBO1,81.9,8.25,6.115,742.9,31397.0,31.54,0.71,0,49112.2,0.54,0.14,0.34,2.96,11.9,0.76,60.65693,-145.89087,83.8,84.4,49895.3,31923,6.4,32,24.8,0,27.352,0,27.363,39.886,25.0,0
04/11/2025,12:13:00 AM,0,SBO1,81.9,8.25,6.114,742.6,31395.8,31.54,0.71,0,49110.8,0.56,0.15,0.36,2.96,11.9,0.81,60.65693,-145.89087,83.8,84.4,49893.8,31922,6.7,32,24.8,0,27.389,0,27.367,39.891,25.0,0
04/11/2025,12:13:00 AM,0,SBO1,81.9,8.26,6.114,742.8,31394.5,31.54,0.71,0,49109.2,0.61,0.16,0.37,2.96,11.9,0.84,60.65693,-145.89087,83.8,84.4,49892.2,31921,6.8,32,24.8,0,27.409,0,27.371,39.898,25.0,0
04/11/2025,12:13:02 AM,0,SBO1,82.0,8.26,6.114,742.7,31392.6,31.54,0.71,0,49106.6,0.62,0.16,0.36,2.96,11.9,0.82,60.65693,-145.89087,83.9,84.5,49889.6,31919,6.7,32,24.8,0,27.406,0,27.378,39.907,25.0,0
04/11/2025,12:13:02 AM,0,SBO1,82.0,8.26,6.114,742.7,31391.6,31.54,0.72,0,49105.3,0.61,0.16,0.39,2.96,11.9,0.91,60.65693,-145.89087,83.9,84.5,49888.2,31918,6.4,32,24.8,0,27.380,0,27.376,39.905,25.0,0
04/11/2025,12:13:03 AM,0,SBO1,82.0,8.27,6.113,742.6,31390.5,31.54,0.76,0,49103.9,0.57,0.15,0.38,2.96,11.9,0.88,60.65694,-145.89085,84.0,84.5,49886.7,31918,6.6,32,24.8,0,27.407,0,27.380,39.910,25.0,0
04/11/2025,12:13:04 AM,0,SBO1,82.1,8.27,6.113,742.9,31389.5,31.54,0.74,0,49102.9,0.54,0.14,0.40,2.96,11.9,0.92,60.65694,-145.89087,84.0,84.6,49885.7,31917,6.3,32,24.8,0,27.431,0,27.385,39.918,25.0,0
04/11/2025,12:13:05 AM,0,SBO1,82.1,8.28,6.113,742.9,31388.4,31.54,0.74,0,49101.7,0.54,0.14,0.44,2.96,11.9,1.05,60.65694,-145.89085,84.0,84.6,49884.5,31916,6.3,32,24.8,0,27.399,0,27.387,39.920,25.0,0
04/11/2025,12:13:06 AM,0,SBO1,82.2,8.28,6.112,742.9,31387.8,31.54,0.72,0,49101.2,0.52,0.14,0.41,2.96,11.9,0.96,60.65694,-145.89085,84.1,84.7,49883.9,31916,6.6,32,24.8,0,27.392,0,27.388,39.922,25.0,0
04/11/2025,12:13:09 AM,0,SBO1,82.3,8.30,6.112,742.6,31388.0,31.54,0.75,0,49102.0,0.46,0.12,0.41,2.96,11.9,0.97,60.65694,-145.89085,84.3,84.8,49884.8,31916,7.4,32,24.8,0,27.410,0,27.392,39.928,25.0,0
04/11/2025,12:13:10 AM,0,SBO1,82.4,8.30,6.112,742.8,31387.7,31.54,0.74,0,49101.4,0.52,0.14,0.41,2.96,11.9,0.97,60.65694,-145.89087,84.3,84.9,49884.2,31916,7.3,32,24.8,0,27.419,0,27.395,39.931,25.0,0
04/11/2025,12:13:11 AM,0,SBO1,82.4,8.31,6.112,742.7,31387.7,31.54,0.74,0,49101.4,0.54,0.14,0.41,2.96,11.9,0.96,60.65694,-145.89087,84.4,84.9,49884.1,31916,7.1,32,24.8,0,27.442,0,27.398,39.936,25.0,0
04/11/2025,12:13:12 AM,0,SBO1,82.5,8.31,6.112,742.9,31387.6,31.54,0.73,0,49101.4,0.62,0.16,0.37,2.96,11.9,0.85,60.65694,-145.89088,84.4,85.0,49884.1,31916,6.9,32,24.8,0,27.484,0,27.402,39.942,25.0,0
04/11/2025,12:13:14 AM,0,SBO1,82.6,8.32,6.112,742.9,31386.7,31.54,0.73,0,49099.9,0.57,0.15,0.40,2.96,11.9,0.92,60.65693,-145.89088,84.5,85.1,49882.6,31915,6.8,32,24.8,0,27.494,0,27.408,39.951,25.0,0
04/11/2025,12:13:16 AM,0,SBO1,82.7,8.33,6.112,742.7,31385.9,31.53,0.75,0,49098.4,0.51,0.13,0.33,2.95,11.9,0.75,60.65693,-145.89090,84.6,85.2,49881.1,31914,6.5,32,24.8,0,27.511,0,27.418,39.965,25.0,0
04/11/2025,12:13:17 AM,0,SBO1,82.7,8.34,6.112,742.7,31385.9,31.53,0.70,0,49098.2,0.55,0.14,0.34,2.95,11.9,0.77,60.65693,-145.89091,84.7,85.2,49880.9,31914,6.1,32,24.8,0,27.491,0,27.419,39.967,25.0,0
04/11/2025,12:13:18 AM,0,SBO1,82.8,8.34,6.113,742.9,31386.1,31.53,0.70,0,49098.2,0.53,0.14,0.31,2.95,11.9,0.68,60.65693,-145.89091,84.7,85.3,49880.9,31914,6.3,32,24.8,0,27.485,0,27.424,39.974,25.0,0
04/11/2025,12:13:19 AM,0,SBO1,82.8,8.35,6.113,742.7,31385.7,31.53,0.71,0,49097.2,0.53,0.14,0.29,2.95,11.9,0.62,60.65693,-145.89091,84.7,85.3,49880.0,31913,6.2,32,24.8,0,27.501,0,27.427,39.979,25.0,0
04/11/2025,12:13:20 AM,0,SBO1,82.9,8.35,6.113,742.9,31385.6,31.53,0.73,0,49096.8,0.55,0.14,0.29,2.95,11.9,0.64,60.65693,-145.89091,84.8,85.4,49879.5,31913,5.9,32,24.8,0,27.515,0,27.431,39.984,25.0,0
04/11/2025,12:13:21 AM,0,SBO1,82.9,8.35,6.113,742.9,31385.4,31.53,0.72,0,49096.1,0.46,0.12,0.25,2.95,11.9,0.51,60.65693,-145.89091,84.8,85.4,49878.8,31912,5.9,32,24.8,0,27.500,0,27.433,39.987,25.0,0
04/11/2025,12:13:22 AM,0,SBO1,82.9,8.36,6.113,742.7,31385.4,31.53,0.72,0,49096.0,0.44,0.11,0.22,2.95,11.9,0.44,60.65693,-145.89091,84.9,85.4,49878.7,31912,6.0,32,24.8,0,27.499,0,27.436,39.991,25.0,0
04/11/2025,12:13:23 AM,0,SBO1,83.0,8.36,6.114,743.0,31385.6,31.53,0.72,0,49096.1,0.38,0.10,0.21,2.95,11.9,0.41,60.65693,-145.89091,84.8,85.5,49878.8,31912,5.9,32,24.8,0,27.512,0,27.439,39.996,25.0,0
04/11/2025,12:13:26 AM,0,SBO1,83.0,8.36,6.114,743.0,31385.8,31.53,0.74,0,49095.9,0.38,0.10,0.21,2.95,11.9,0.40,60.65691,-145.89091,84.9,85.5,49878.6,31912,5.6,32,24.8,0,27.258,0,27.436,39.992,25.0,0
04/11/2025,12:13:26 AM,0,SBO1,83.0,8.37,6.114,742.6,31385.5,31.53,0.74,0,49095.4,0.40,0.10,0.21,2.96,11.9,0.42,60.65691,-145.89091,85.0,85.5,49878.2,31912,5.6,32,24.8,0,26.983,0,27.422,39.971,25.0,0
04/11/2025,12:13:27 AM,0,SBO1,83.0,8.37,6.113,742.8,31384.9,31.53,0.74,0,49095.0,0.42,0.11,0.19,2.96,11.9,0.36,60.65691,-145.89093,85.0,85.5,49877.7,31912,5.2,32,24.8,0,26.782,0,26.677,38.886,25.0,0
04/11/2025,12:13:29 AM,0,SBO1,83.1,8.37,6.112,742.9,31383.2,31.53,0.74,0,49094.0,0.44,0.11,0.21,2.96,11.9,0.41,60.65691,-145.89093,85.0,85.6,49876.7,31911,4.6,32,24.8,0,26.455,0,26.364,38.429,25.0,0
04/11/2025,12:13:30 AM,0,SBO1,83.1,8.37,6.112,743.2,31382.2,31.53,0.72,0,49093.3,0.51,0.13,0.23,2.96,11.9,0.46,60.65691,-145.89093,85.0,85.6,49875.9,31911,4.3,32,24.8,0,26.282,0,26.201,38.192,25.0,0
04/11/2025,12:13:33 AM,0,SBO1,83.2,8.38,6.110,742.6,31378.0,31.53,0.71,0,49090.0,0.50,0.13,0.24,2.96,11.9,0.48,60.65691,-145.89090,85.1,85.7,49872.4,31908,3.6,32,24.8,0,25.723,0,25.922,37.784,25.0,0
04/11/2025,12:13:34 AM,0,SBO1,83.2,8.38,6.108,742.9,31375.4,31.53,0.70,0,49088.4,0.49,0.13,0.25,2.96,11.9,0.51,60.65691,-145.89090,85.1,85.7,49870.7,31907,3.6,32,24.8,0,25.520,0,25.802,37.610,25.0,0
04/11/2025,12:13:35 AM,0,SBO1,83.2,8.39,6.107,742.9,31373.9,31.53,0.69,0,49087.8,0.47,0.12,0.26,2.96,11.9,0.54,60.65691,-145.89091,85.1,85.7,49870.1,31907,3.5,32,24.8,0,25.348,0,25.696,37.455,25.0,0
04/11/2025,12:13:36 AM,0,SBO1,83.3,8.39,6.105,742.6,31371.6,31.53,0.69,0,49086.3,0.46,0.12,0.27,2.96,11.9,0.57,60.65691,-145.89091,85.2,85.8,49868.5,31906,3.7,32,24.8,0,25.010,0,25.522,37.202,25.0,0
04/11/2025,12:13:38 AM,0,SBO1,83.4,8.40,6.103,742.9,31367.8,31.52,0.69,0,49083.4,0.43,0.11,0.25,2.96,11.9,0.53,60.65691,-145.89093,85.3,85.9,49865.5,31904,3.7,32,24.8,0,24.802,0,25.387,37.005,25.0,0
04/11/2025,12:13:40 AM,0,SBO1,83.6,8.42,6.100,742.6,31363.4,31.52,0.68,0,49081.0,0.38,0.10,0.29,2.96,11.9,0.63,60.65691,-145.89095,85.5,86.1,49862.9,31903,2.4,32,24.8,0,24.413,0,24.402,35.569,25.0,0
04/11/2025,12:13:41 AM,0,SBO1,83.7,8.43,6.099,743.2,31361.9,31.52,0.66,0,49080.2,0.36,0.09,0.32,2.96,11.9,0.72,60.65691,-145.89095,85.6,86.2,49862.0,31902,2.0,32,24.8,0,24.268,0,24.308,35.431,25.0,0
04/11/2025,12:13:43 AM,0,SBO1,83.9,8.46,6.098,742.7,31358.9,31.52,0.64,0,49077.8,0.39,0.10,0.34,2.96,11.9,0.77,60.65691,-145.89098,85.8,86.4,49859.4,31901,1.9,32,24.8,0,23.698,0,23.821,34.722,25.0,0
04/11/2025,12:13:44 AM,0,SBO1,84.0,8.47,6.097,743.2,31357.2,31.52,0.64,0,49076.2,0.42,0.11,0.32,2.96,11.9,0.72,60.65691,-145.89099,85.9,86.5,49857.8,31900,2.0,32,24.8,0,23.468,0,23.713,34.564,25.0,0
04/11/2025,12:13:46 AM,0,SBO1,84.2,8.49,6.096,742.7,31354.0,31.52,0.63,0,49072.5,0.44,0.11,0.35,2.96,11.9,0.80,60.65691,-145.89100,86.2,86.8,49854.0,31897,1.7,32,24.8,0,22.979,0,23.494,34.246,24.9,0
04/11/2025,12:13:47 AM,0,SBO1,84.4,8.51,6.095,742.7,31352.3,31.52,0.63,0,49070.7,0.40,0.10,0.36,2.96,11.9,0.81,60.65691,-145.89100,86.3,86.9,49852.1,31896,1.8,32,24.8,0,22.684,0,22.586,32.921,24.9,0
04/11/2025,12:13:48 AM,0,SBO1,84.5,8.52,6.095,743.0,31350.8,31.51,0.63,0,49068.8,0.41,0.10,0.36,2.96,11.9,0.82,60.65691,-145.89100,86.4,87.1,49850.2,31895,2.1,32,24.8,0,22.478,0,22.355,32.585,24.9,0
04/11/2025,12:13:49 AM,0,SBO1,84.7,8.53,6.095,742.7,31349.5,31.51,0.63,0,49067.4,0.44,0.11,0.34,2.96,11.9,0.76,60.65691,-145.89102,86.6,87.2,49848.7,31894,2.1,32,24.8,0,22.275,0,22.147,32.281,24.9,0
04/11/2025,12:13:50 AM,0,SBO1,84.8,8.55,6.094,742.7,31348.5,31.51,0.62,0,49066.3,0.43,0.11,0.33,2.96,11.9,0.74,60.65691,-145.89102,86.8,87.3,49847.6,31893,2.3,32,24.8,0,22.016,0,22.023,32.100,24.9,0
04/11/2025,12:13:51 AM,0,SBO1,84.9,8.56,6.094,742.7,31347.6,31.51,0.63,0,49065.6,0.45,0.12,0.32,2.96,11.9,0.70,60.65690,-145.89102,86.9,87.5,49846.9,31893,2.2,32,24.8,0,21.830,0,21.910,31.935,24.9,0
04/11/2025,12:13:52 AM,0,SBO1,85.0,8.57,6.094,742.7,31346.9,31.51,0.62,0,49065.0,0.41,0.11,0.29,2.96,11.9,0.62,60.65690,-145.89102,87.0,87.5,49846.3,31892,2.1,32,24.8,0,21.783,0,21.880,31.892,24.9,0
04/11/2025,12:13:53 AM,0,SBO1,85.2,8.59,6.093,742.6,31344.8,31.51,0.63,0,49062.5,0.44,0.11,0.32,2.96,11.9,0.71,60.65690,-145.89102,87.2,87.8,49843.7,31891,2.2,32,24.8,0,21.539,0,21.782,31.750,24.9,0
04/11/2025,12:13:54 AM,0,SBO1,85.3,8.60,6.092,742.9,31343.3,31.51,0.63,0,49060.9,0.46,0.12,0.30,2.96,11.9,0.67,60.65690,-145.89104,87.3,87.9,49842.0,31890,2.2,32,24.8,0,21.252,0,21.650,31.558,24.9,0
04/11/2025,12:13:57 AM,0,SBO1,85.7,8.65,6.091,743.2,31340.3,31.51,0.67,0,49058.5,0.55,0.14,0.35,2.96,11.9,0.79,60.65690,-145.89104,87.7,88.3,49839.5,31888,2.3,32,24.8,0,20.407,0,20.275,29.552,24.9,0
04/11/2025,12:13:58 AM,0,SBO1,85.9,8.66,6.090,742.7,31339.0,31.51,0.67,0,49057.3,0.54,0.14,0.32,2.96,11.9,0.72,60.65690,-145.89104,87.9,88.5,49838.3,31887,2.2,32,24.8,0,20.244,0,20.193,29.433,24.9,0
04/11/2025,12:13:59 AM,0,SBO1,86.0,8.67,6.090,742.7,31338.4,31.51,0.68,0,49056.9,0.50,0.13,0.36,2.96,11.9,0.81,60.65690,-145.89104,88.0,88.6,49837.9,31887,2.0,32,24.8,0,20.047,0,20.149,29.368,24.9,0
04/11/2025,12:14:00 AM,0,SBO1,86.1,8.68,6.090,742.7,31338.2,31.51,0.67,0,49057.2,0.53,0.14,0.35,2.96,11.9,0.81,60.65690,-145.89104,88.1,88.7,49838.1,31887,2.5,32,24.8,0,19.837,0,20.021,29.183,24.9,0
04/11/2025,12:14:03 AM,0,SBO1,86.5,8.73,6.089,742.8,31336.1,31.50,0.67,0,49054.6,0.57,0.15,0.41,2.96,11.9,0.95,60.65690,-145.89102,88.5,89.1,49835.5,31886,2.4,32,24.8,0,19.150,0,19.643,28.631,24.9,0
04/11/2025,12:14:04 AM,0,SBO1,86.6,8.74,6.089,743.0,31334.9,31.50,0.67,0,49052.6,0.54,0.14,0.42,2.96,11.9,0.98,60.65689,-145.89102,88.6,89.3,49833.5,31884,2.4,32,24.8,0,18.846,0,18.667,27.209,24.9,0
04/11/2025,12:14:05 AM,0,SBO1,86.8,8.75,6.089,743.1,31333.6,31.50,0.66,0,49050.4,0.53,0.14,0.39,2.96,11.9,0.91,60.65690,-145.89102,88.7,89.4,49831.2,31883,2.5,32,24.8,0,18.518,0,18.358,26.759,24.9,0
04/11/2025,12:14:06 AM,0,SBO1,86.9,8.76,6.089,743.0,31332.7,31.50,0.66,0,49048.7,0.54,0.14,0.40,2.96,11.9,0.92,60.65689,-145.89102,88.9,89.5,49829.5,31882,2.7,32,24.8,0,18.317,0,18.236,26.580,24.9,0
04/11/2025,12:14:07 AM,0,SBO1,87.0,8.77,6.090,742.8,31332.5,31.50,0.65,0,49047.9,0.50,0.13,0.39,2.96,11.9,0.90,60.65690,-145.89100,89.0,89.6,49828.7,31881,2.6,32,24.8,0,18.032,0,18.092,26.370,24.9,0
04/11/2025,12:14:08 AM,0,SBO1,87.1,8.78,6.090,742.8,31331.7,31.50,0.64,0,49046.3,0.43,0.11,0.38,2.96,11.9,0.87,60.65690,-145.89102,89.1,89.7,49827.1,31880,2.4,32,24.8,0,17.759,0,17.901,26.092,24.9,0
04/11/2025,12:14:09 AM,0,SBO1,87.2,8.79,6.090,742.9,31330.6,31.50,0.64,0,49044.2,0.52,0.13,0.45,2.96,11.9,1.06,60.65690,-145.89102,89.2,89.8,49825.0,31879,2.2,32,24.8,0,17.370,0,17.710,25.813,24.9,0
04/11/2025,12:14:10 AM,0,SBO1,87.3,8.80,6.091,743.1,31329.8,31.50,0.62,0,49042.4,0.57,0.15,0.45,2.96,11.9,1.07,60.65690,-145.89100,89.3,90.0,49823.2,31878,2.5,32,24.8,0,16.992,0,16.874,24.594,24.9,0
04/11/2025,12:14:11 AM,0,SBO1,87.4,8.81,6.091,742.7,31328.9,31.50,0.61,0,49040.9,0.60,0.16,0.45,2.96,11.9,1.08,60.65690,-145.89100,89.4,90.0,49821.6,31877,2.7,32,24.8,0,16.881,0,16.782,24.460,24.9,0
04/11/2025,12:14:12 AM,0,SBO1,87.5,8.83,6.091,742.8,31327.8,31.49,0.60,0,49038.2,0.61,0.16,0.42,2.96,11.9,1.00,60.65690,-145.89100,89.5,90.2,49818.9,31875,2.7,32,24.8,0,16.604,0,16.445,23.970,24.9,0
04/11/2025,12:14:13 AM,0,SBO1,87.6,8.84,6.092,743.1,31326.7,31.49,0.60,0,49035.7,0.55,0.14,0.44,2.96,11.9,1.03,60.65690,-145.89099,89.6,90.3,49816.4,31873,2.7,32,24.8,0,16.485,0,16.454,23.983,24.9,0
04/11/2025,12:14:15 AM,0,SBO1,87.8,8.86,6.093,743.0,31323.7,31.49,0.59,0,49030.0,0.64,0.17,0.40,2.96,11.9,0.93,60.65690,-145.89099,89.9,90.5,49810.6,31869,2.8,32,24.8,0,16.133,0,16.396,23.897,24.9,0
04/11/2025,12:14:16 AM,0,SBO1,87.9,8.87,6.094,743.0,31321.3,31.49,0.59,0,49024.6,0.69,0.18,0.40,2.96,11.9,0.94,60.65690,-145.89099,90.0,90.6,49805.3,31866,2.7,32,24.8,0,15.657,0,16.114,23.487,24.9,0
04/11/2025,12:14:17 AM,0,SBO1,88.1,8.88,6.095,743.0,31317.6,31.48,0.59,0,49016.4,0.69,0.18,0.39,2.96,11.9,0.92,60.65691,-145.89098,90.1,90.7,49796.9,31861,3.0,32,24.8,0,15.262,0,15.106,22.018,24.9,0
04/11/2025,12:14:18 AM,0,SBO1,88.2,8.89,6.097,742.9,31313.6,31.47,0.59,0,49007.6,0.62,0.16,0.36,2.96,11.9,0.82,60.65691,-145.89098,90.2,90.8,49788.1,31855,3.4,32,24.8,0,15.163,0,15.137,22.062,24.9,0
04/11/2025,12:14:21 AM,0,SBO1,88.6,8.94,6.104,742.9,31298.4,31.45,0.58,0,48974.2,0.58,0.15,0.35,2.96,11.9,0.78,60.65691,-145.89098,90.7,91.3,49754.5,31833,4.2,32,24.7,0,14.266,0,14.498,21.130,24.8,0
04/11/2025,12:14:22 AM,0,SBO1,88.8,8.96,6.106,742.8,31292.8,31.44,0.57,0,48961.6,0.50,0.13,0.34,2.96,11.9,0.76,60.65691,-145.89098,90.9,91.5,49741.8,31825,4.2,32,24.7,0,13.923,0,14.256,20.778,24.8,0
04/11/2025,12:14:23 AM,0,SBO1,89.1,8.98,6.109,742.9,31287.8,31.44,0.57,0,48950.5,0.47,0.12,0.32,2.96,11.9,0.71,60.65690,-145.89098,91.1,91.8,49730.6,31818,4.1,32,24.7,0,13.618,0,14.069,20.506,24.8,0
04/11/2025,12:14:24 AM,0,SBO1,89.2,8.99,6.110,742.6,31285.2,31.43,0.56,0,48944.5,0.48,0.12,0.34,2.96,11.9,0.76,60.65690,-145.89098,91.3,91.9,49724.6,31814,4.0,32,24.7,0,13.540,0,13.972,20.364,24.8,0
04/11/2025,12:14:27 AM,0,SBO1,90.0,9.07,6.119,742.9,31269.2,31.41,0.54,0,48907.4,0.43,0.11,0.33,2.96,11.9,0.74,60.65690,-145.89098,92.1,92.7,49687.4,31790,3.6,32,24.7,0,12.691,0,12.608,18.376,24.8,0
04/11/2025,12:14:28 AM,0,SBO1,90.5,9.13,6.124,743.1,31261.3,31.39,0.53,0,48886.9,0.45,0.11,0.29,2.96,11.9,0.62,60.65690,-145.89098,92.6,93.2,49666.8,31776,4.0,32,24.7,0,12.631,0,12.624,18.399,24.8,0
04/11/2025,12:14:29 AM,0,SBO1,90.8,9.16,6.127,742.9,31257.5,31.39,0.53,0,48877.2,0.40,0.10,0.28,2.96,11.9,0.60,60.65690,-145.89098,92.9,93.6,49657.0,31770,4.0,32,24.7,0,12.585,0,12.582,18.337,24.8,0
04/11/2025,12:14:30 AM,0,SBO1,91.2,9.20,6.128,742.6,31256.1,31.38,0.52,0,48873.1,0.37,0.09,0.27,2.96,11.9,0.56,60.65690,-145.89098,93.3,94.0,49653.0,31768,3.8,32,24.7,0,12.372,0,12.469,18.173,24.8,0
04/11/2025,12:14:31 AM,0,SBO1,91.5,9.23,6.131,742.8,31253.4,31.38,0.51,0,48864.3,0.38,0.10,0.30,2.96,11.9,0.66,60.65690,-145.89098,93.7,94.3,49644.2,31762,3.9,32,24.7,0,12.317,0,12.348,17.996,24.8,0
04/11/2025,12:14:32 AM,0,SBO1,91.9,9.27,6.133,742.8,31252.3,31.37,0.51,0,48859.3,0.42,0.11,0.31,2.96,11.9,0.68,60.65690,-145.89098,94.1,94.7,49639.2,31759,4.0,32,24.7,0,12.204,0,12.315,17.948,24.8,0
04/11/2025,12:14:33 AM,0,SBO1,92.3,9.30,6.135,742.8,31250.6,31.37,0.51,0,48853.8,0.42,0.11,0.32,2.96,11.9,0.71,60.65690,-145.89098,94.4,95.1,49633.7,31755,3.9,32,24.7,0,11.714,0,12.138,17.690,24.8,0
04/11/2025,12:14:34 AM,0,SBO1,92.7,9.34,6.138,742.9,31249.4,31.37,0.50,0,48848.4,0.40,0.10,0.32,2.96,11.9,0.71,60.65690,-145.89096,94.8,95.5,49628.4,31751,3.8,32,24.7,0,11.617,0,12.042,17.550,24.7,0
04/11/2025,12:14:35 AM,0,SBO1,93.0,9.37,6.139,742.8,31247.9,31.36,0.50,0,48842.9,0.42,0.11,0.30,2.96,11.9,0.67,60.65690,-145.89096,95.1,95.8,49622.8,31748,3.8,32,24.7,0,11.228,0,11.065,16.125,24.7,0
04/11/2025,12:14:36 AM,0,SBO1,93.4,9.41,6.142,743.2,31247.3,31.36,0.51,0,48839.3,0.39,0.10,0.32,2.96,11.9,0.70,60.65690,-145.89098,95.5,96.2,49619.2,31746,3.6,32,24.7,0,11.056,0,11.034,16.080,24.7,0
04/11/2025,12:14:37 AM,0,SBO1,93.7,9.44,6.143,742.9,31246.0,31.36,0.51,0,48834.2,0.40,0.10,0.30,2.96,11.9,0.65,60.65690,-145.89096,95.8,96.5,49614.2,31742,3.9,32,24.7,0,11.044,0,11.041,16.091,24.7,0
04/11/2025,12:14:38 AM,0,SBO1,94.0,9.48,6.145,742.9,31244.5,31.36,0.51,0,48829.5,0.38,0.10,0.27,2.96,11.9,0.56,60.65690,-145.89096,96.2,96.9,49609.5,31739,4.0,32,24.7,0,10.899,0,11.021,16.062,24.7,0
04/11/2025,12:14:39 AM,0,SBO1,94.2,9.49,6.146,742.8,31243.6,31.35,0.52,0,48826.8,0.38,0.10,0.27,2.96,11.9,0.58,60.65690,-145.89096,96.4,97.0,49606.8,31737,4.2,32,24.7,0,10.626,0,10.858,15.825,24.7,0
04/11/2025,12:14:40 AM,0,SBO1,94.5,9.53,6.147,742.6,31242.0,31.35,0.52,0,48822.6,0.42,0.11,0.28,2.96,11.9,0.61,60.65690,-145.89098,96.7,97.4,49602.6,31735,4.0,32,24.7,0,10.509,0,10.609,15.461,24.7,0
04/11/2025,12:14:41 AM,0,SBO1,94.8,9.56,6.148,742.7,31239.6,31.35,0.52,0,48817.3,0.46,0.12,0.30,2.96,11.9,0.67,60.65690,-145.89096,97.0,97.7,49597.3,31731,4.3,32,24.7,0,10.154,0,10.474,15.264,24.7,0
04/11/2025,12:14:42 AM,0,SBO1,95.2,9.59,6.149,742.8,31237.0,31.34,0.51,0,48811.4,0.44,0.11,0.27,2.96,11.9,0.57,60.65690,-145.89096,97.4,98.0,49591.4,31727,4.3,32,24.6,0,9.865,0,10.303,15.016,24.7,0
04/11/2025,12:14:45 AM,0,SBO1,96.2,9.70,6.155,742.8,31225.5,31.33,0.52,0,48785.2,0.37,0.09,0.28,2.96,11.9,0.59,60.65689,-145.89096,98.4,99.1,49565.0,31710,4.3,32,24.6,0,9.233,0,9.063,13.208,24.7,0
04/11/2025,12:14:46 AM,0,SBO1,96.5,9.73,6.157,742.8,31222.5,31.32,0.52,0,48778.2,0.36,0.09,0.27,2.96,11.9,0.58,60.65689,-145.89096,98.7,99.4,49557.9,31706,4.1,32,24.6,0,9.085,0,9.054,13.195,24.7,0
04/11/2025,12:14:47 AM,0,SBO1,96.8,9.76,6.158,742.7,31220.8,31.32,0.51,0,48774.3,0.35,0.09,0.27,2.96,11.9,0.58,60.65689,-145.89096,99.0,99.7,49554.0,31703,3.8,32,24.6,0,9.008,0,8.896,12.964,24.7,0
04/11/2025,12:14:48 AM,0,SBO1,97.1,9.79,6.159,742.5,31216.9,31.31,0.50,0,48765.5,0.34,0.09,0.27,2.96,11.9,0.59,60.65689,-145.89096,99.4,100.0,49545.2,31698,4.0,32,24.6,0,8.716,0,8.730,12.723,24.7,0
04/11/2025,12:14:51 AM,0,SBO1,98.0,9.87,6.167,742.4,31205.3,31.29,0.49,0,48736.8,0.35,0.09,0.23,2.96,11.9,0.47,60.65689,-145.89095,100.3,100.9,49516.4,31679,4.3,32,24.6,0,7.958,0,8.331,12.141,24.7,0
04/11/2025,12:14:52 AM,0,SBO1,98.3,9.91,6.169,742.4,31202.5,31.29,0.49,0,48728.8,0.35,0.09,0.21,2.96,11.9,0.41,60.65689,-145.89095,100.6,101.2,49508.4,31674,4.2,32,24.6,0,7.757,0,8.221,11.980,24.7,0
04/11/2025,12:14:54 AM,0,SBO1,98.9,9.97,6.175,742.7,31197.8,31.28,0.47,0,48712.6,0.36,0.09,0.23,2.96,11.9,0.46,60.65690,-145.89096,101.2,101.9,49492.2,31663,3.7,32,24.6,0,7.166,0,6.952,10.131,24.6,0
04/11/2025,12:14:55 AM,0,SBO1,99.2,9.99,6.181,742.6,31195.4,31.27,0.48,0,48702.2,0.34,0.09,0.24,2.96,11.9,0.51,60.65690,-145.89096,101.5,102.2,49481.8,31656,3.5,32,24.6,0,6.709,0,6.594,9.609,24.6,0
04/11/2025,12:14:56 AM,0,SBO1,99.5,10.03,6.188,742.6,31193.3,31.26,0.49,0,48687.6,0.35,0.09,0.26,2.96,11.9,0.54,60.65689,-145.89096,101.8,102.5,49467.4,31647,3.5,32,24.6,0,6.601,0,6.587,9.598,24.6,0
04/11/2025,12:14:57 AM,0,SBO1,99.8,10.06,6.196,742.5,31191.9,31.25,0.49,0,48674.9,0.35,0.09,0.30,2.96,11.9,0.67,60.65689,-145.89096,102.2,102.8,49454.8,31639,3.5,32,24.6,0,6.255,0,6.477,9.439,24.6,0
04/11/2025,12:14:58 AM,0,SBO1,100.0,10.08,6.200,742.5,31191.5,31.25,0.49,0,48668.2,0.35,0.09,0.29,2.96,11.9,0.62,60.65689,-145.89096,102.4,103.0,49448.2,31634,3.3,32,24.6,0,6.207,0,6.423,9.360,24.6,0
04/11/2025,12:14:59 AM,0,SBO1,100.3,10.11,6.207,742.5,31190.2,31.24,0.48,0,48654.0,0.31,0.08,0.28,2.96,11.9,0.61,60.65689,-145.89095,102.7,103.4,49434.2,31625,3.3,32,24.6,0,6.109,0,6.316,9.204,24.6,0
04/11/2025,12:15:00 AM,0,SBO1,100.9,10.16,6.219,742.6,31187.4,31.23,0.48,0,48632.9,0.33,0.08,0.30,2.96,11.9,0.66,60.65689,-145.89095,103.3,103.9,49413.2,31611,3.4,32,24.5,0,5.648,0,6.170,8.991,24.6,0
04/11/2025,12:15:01 AM,0,SBO1,101.2,10.20,6.227,742.8,31185.5,31.22,0.49,0,48619.2,0.31,0.08,0.31,2.96,11.9,0.69,60.65689,-145.89095,103.6,104.3,49399.6,31602,3.2,32,24.5,0,5.582,0,6.047,8.811,24.6,0
04/11/2025,12:15:02 AM,0,SBO1,101.4,10.22,6.232,742.6,31184.3,31.21,0.49,0,48611.4,0.30,0.07,0.31,2.96,11.9,0.68,60.65689,-145.89095,103.8,104.5,49391.9,31597,3.2,32,24.5,0,5.574,0,6.016,8.766,24.6,0
04/11/2025,12:15:04 AM,0,SBO1,102.2,10.29,6.247,742.6,31179.7,31.19,0.50,0,48582.2,0.41,0.11,0.37,2.96,11.9,0.84,60.65689,-145.89095,104.6,105.3,49363.0,31578,3.9,32,24.5,0,5.044,0,5.007,7.296,24.6,0
04/11/2025,12:15:06 AM,0,SBO1,103.1,10.37,6.262,742.9,31173.4,31.17,0.52,0,48549.9,0.54,0.14,0.45,2.96,11.9,1.08,60.65689,-145.89093,105.4,106.2,49330.8,31557,3.8,32,24.5,0,4.992,0,5.002,7.289,24.5,0
04/11/2025,12:15:09 AM,0,SBO1,107.4,10.81,6.285,742.7,31161.7,31.14,0.56,0,48496.7,0.90,0.23,0.88,2.96,11.9,2.24,60.65689,-145.89093,109.9,110.7,49278.0,31523,3.2,32,24.5,0,4.188,0,4.370,6.367,24.5,0
04/11/2025,12:15:10 AM,0,SBO1,107.8,10.85,6.292,742.6,31159.2,31.13,0.57,0,48485.1,1.09,0.29,1.09,2.96,11.9,2.80,60.65689,-145.89093,110.4,111.1,49266.4,31515,3.5,32,24.5,0,3.793,0,4.256,6.201,24.5,0
04/11/2025,12:15:11 AM,0,SBO1,108.5,10.92,6.297,742.6,31155.5,31.12,0.58,0,48470.2,1.28,0.34,1.29,2.96,11.9,3.37,60.65689,-145.89093,111.0,111.8,49251.6,31506,3.8,32,24.5,0,3.658,0,4.127,6.013,24.5,0
04/11/2025,12:15:12 AM,0,SBO1,108.7,10.94,6.304,742.6,31153.4,31.11,0.60,0,48458.6,1.52,0.40,1.52,2.96,11.9,4.00,60.65690,-145.89093,111.3,112.0,49240.1,31498,4.3,32,24.4,0,3.167,0,2.867,4.177,24.5,0
04/11/2025,12:15:15 AM,0,SBO1,109.7,11.04,6.331,742.6,31153.2,31.09,0.68,0,48419.3,2.27,0.60,2.18,2.96,11.9,5.79,60.65690,-145.89093,112.3,113.1,49201.3,31473,4.1,32,24.4,0,2.557,0,2.378,3.465,24.4,0
04/11/2025,12:15:16 AM,0,SBO1,109.9,11.05,6.335,742.6,31153.0,31.08,0.69,0,48411.3,2.34,0.62,2.28,2.96,11.9,6.07,60.65691,-145.89093,112.5,113.3,49193.4,31467,3.9,32,24.4,0,2.380,0,2.365,3.445,24.4,0
04/11/2025,12:15:17 AM,0,SBO1,110.3,11.09,6.346,742.6,31153.7,31.08,0.71,0,48399.5,2.49,0.66,2.50,2.96,11.9,6.66,60.65691,-145.89095,112.9,113.6,49181.9,31460,3.8,32,24.4,0,2.105,0,2.328,3.392,24.4,0
04/11/2025,12:15:18 AM,0,SBO1,110.6,11.12,6.355,742.9,31155.2,31.07,0.71,0,48386.9,2.68,0.71,2.66,2.96,11.9,7.09,60.65691,-145.89093,113.2,114.0,49169.5,31451,3.3,32,24.4,0,1.550,0,1.319,1.922,24.4,0
04/11/2025,12:15:19 AM,0,SBO1,111.0,11.16,6.366,742.8,31156.9,31.06,0.74,0,48375.8,2.68,0.71,2.79,2.96,11.9,7.45,60.65691,-145.89093,113.6,114.4,49158.7,31444,3.4,32,24.4,0,1.300,0,1.239,1.805,24.4,0
04/11/2025,12:15:20 AM,0,SBO1,111.3,11.19,6.375,742.8,31159.0,31.05,0.75,0,48363.4,2.76,0.73,2.96,2.96,11.9,7.92,60.65691,-145.89093,113.9,114.7,49146.5,31436,3.2,32,24.4,0,1.246,0,1.232,1.795,24.4,0
04/11/2025,12:15:21 AM,0,SBO1,115.2,11.57,6.384,743.0,31160.7,31.05,0.76,0,48355.3,2.74,0.73,3.13,2.96,11.9,8.39,60.65691,-145.89093,117.8,118.7,49138.6,31431,3.5,32,24.4,0,1.029,0,1.189,1.733,24.4,0
04/11/2025,12:15:22 AM,0,SBO1,116.8,11.73,6.395,742.7,31162.6,31.04,0.76,0,48340.5,2.66,0.71,3.17,2.96,11.9,8.49,60.65691,-145.89093,119.5,120.3,49124.1,31421,3.5,32,24.4,0,0.564,0,0.806,1.174,24.4,0

,,,MEAN VALUE:,107.9364,10.8599,6.2382,742.8400,31240.4504,31.2644,0.6097,0.0000,48690.1668,0.7506,0.1960,0.8752,2.9570,11.9000,2.2265,60.6569,-145.8909,110.4260,111.1984,49471.9788,31648.6200,1.4708,32.0080,24.5784,0.0000,14.3064,0.0000,14.0766,20.5165,24.6656
,,,STANDARD DEVIATION:,15.3699,1.5220,0.2003,0.1826,123.6160,0.3003,0.1248,0.0000,457.4197,0.8488,0.2265,1.4936,0.0046,0.0000,4.0738,0.0000,0.0001,15.7177,15.8355,456.3509,297.3357,3.6550,0.0891,0.2641,0.0000,9.2948,0.0000,9.3113,13.5734,0.3151

,,,INSTRUMENT NAME:,
,,,SENSOR SERIAL NUMBER:,23G100667,23G100667,24F100920,23H106348,24F100920,24F100920,23H105114,23H105114,24F100920,23H105946,23H105946,23H105946,23J102724,23J102724,23H105946,23H106348,23H106348,23G100667,23G100667,24F100920,24F100920,23H106348,24F100920,24F100920,23H105946,23H102976,23H105946,23H102976,23H102976,24F100920
Date (MM/DD/YYYY),Time (hh:mm:ss tt),Time (Fract. Sec),Site Name,DO ( % Sat ),DO ( mg/L ),Temp ( °C ),Barometer ( mmHg ),Cond ( µS/cm ),Sal ( psu ),Turbidity ( FNU ),TSS ( mg/L ),Sp Cond ( µS/cm ),Chlorophyll ( µg/L ),Chlorophyll ( RFU ),Phycoerythrin ( RFU ),Battery Power ( voltage ),Cable Power ( voltage ),Phycoerythrin ( µg/L ),GPS Latitude ( ° ),GPS Longitude ( ° ),DO ( % LocalB ),DO ( % CB ),nLFCond ( µS/cm ),TDS ( mg/L ),Altitude ( m ),Resistivity ( ohms-cm ),Water Density ( Sigma-T ),Chlorophyll ( cells/mL ),Vertical Position ( m ),Phycoerythrin ( cells/mL ),Depth ( m ),Absolute Pressure ( psi a ),Water Density ( Sigma ),Fault Code
04/11/2025,12:07:02 AM,0,SBO1,130.2,13.01,6.837,742.9,30777.2,30.22,0.49,0,47125.7,0.13,0.03,-0.08,2.96,11.9,-0.37,60.65693,-145.89102,133.2,134.1,47907.2,30632,0.0,32,23.7,0,0.654,0,0.623,0.906,23.7,0
04/11/2025,12:07:03 AM,0,SBO1,130.2,13.01,6.837,742.9,30774.8,30.22,0.49,0,47122.1,0.14,0.03,-0.09,2.96,11.9,-0.40,60.65693,-145.89102,133.2,134.1,47903.5,30629,-0.3,32,23.7,0,0.654,0,0.624,0.908,23.7,0
04/11/2025,12:07:04 AM,0,SBO1,130.3,13.02,6.837,742.9,30770.6,30.22,0.49,0,47116.0,0.16,0.04,-0.09,2.96,11.9,-0.41,60.65693,-145.89102,133.3,134.2,47897.3,30625,-0.5,32,23.7,0,0.658,0,0.624,0.909,23.7,0
04/11/2025,12:07:05 AM,0,SBO1,130.3,13.02,6.837,742.9,30766.3,30.21,0.51,0,47109.4,0.13,0.03,-0.08,2.96,11.9,-0.37,60.65692,-145.89102,133.3,134.3,47890.6,30621,-0.6,33,23.7,0,0.666,0,0.626,0.911,23.7,0
04/11/2025,12:07:06 AM,0,SBO1,130.4,13.03,6.837,742.8,30765.2,30.21,0.52,0,47107.4,0.11,0.02,-0.07,2.96,11.9,-0.35,60.65693,-145.89102,133.4,134.3,47888.6,30620,-0.7,33,23.7,0,0.722,0,0.629,0.915,23.7,0
04/11/2025,12:07:07 AM,0,SBO1,130.4,13.03,6.837,742.7,30788.0,30.23,0.51,0,47141.9,0.06,0.01,-0.07,2.96,11.9,-0.36,60.65693,-145.89102,133.5,134.4,47923.7,30642,-1.3,32,23.7,0,0.811,0,0.635,0.925,23.7,0
04/11/2025,12:07:08 AM,0,SBO1,130.4,13.04,6.837,742.7,30798.5,30.25,0.52,0,47157.8,0.06,0.01,-0.05,2.96,11.9,-0.31,60.65693,-145.89102,133.5,134.4,47939.9,30653,-1.4,32,23.7,0,0.825,0,0.639,0.930,23.7,0
04/11/2025,12:07:09 AM,0,SBO1,130.5,13.04,6.837,743.0,30819.2,30.27,0.51,0,47189.5,0.06,0.01,-0.04,2.96,11.9,-0.27,60.65693,-145.89102,133.5,134.4,47972.1,30673,-1.3,32,23.7,0,0.857,0,0.645,0.939,23.7,0
04/11/2025,12:07:10 AM,0,SBO1,130.5,13.04,6.837,742.8,30846.9,30.30,0.50,0,47231.9,0.06,0.01,-0.05,2.96,11.9,-0.29,60.65693,-145.89102,133.5,134.5,48015.1,30701,-1.3,32,23.7,0,0.923,0,0.654,0.953,23.7,0
04/11/2025,12:07:11 AM,0,SBO1,130.6,13.04,6.837,742.7,30876.5,30.33,0.49,0,47277.2,0.06,0.01,-0.06,2.96,11.9,-0.32,60.65692,-145.89102,133.6,134.5,48061.2,30730,-1.1,32,23.8,0,0.995,0,0.664,0.966,23.8,0
04/11/2025,12:07:12 AM,0,SBO1,130.6,13.04,6.837,742.6,30913.6,30.37,0.48,0,47334.4,0.12,0.03,-0.05,2.96,11.9,-0.30,60.65693,-145.89102,133.7,134.5,48119.3,30767,-1.1,32,23.8,0,1.063,0,0.675,0.982,23.8,0
04/11/2025,12:07:15 AM,0,SBO1,130.7,13.04,6.822,742.7,31044.8,30.53,0.47,0,47554.9,0.27,0.07,0.06,2.96,11.9,0.01,60.65693,-145.89102,133.7,134.6,48343.0,30911,-1.6,32,23.9,0,1.304,0,0.723,1.052,23.9,0
04/11/2025,12:07:16 AM,0,SBO1,130.7,13.04,6.818,743.0,31065.2,30.55,0.47,0,47591.9,0.33,0.08,0.09,2.96,11.9,0.10,60.65693,-145.89102,133.7,134.6,48380.5,30935,-1.7,32,23.9,0,1.376,0,0.742,1.080,23.9,0
04/11/2025,12:07:17 AM,0,SBO1,130.7,13.04,6.802,742.8,31123.1,30.63,0.47,0,47702.0,0.37,0.09,0.13,2.96,11.9,0.20,60.65693,-145.89104,133.7,134.6,48491.8,31006,-1.8,32,24.0,0,1.422,0,0.763,1.111,24.0,0
04/11/2025,12:07:18 AM,0,SBO1,130.7,13.04,6.797,742.9,31143.4,30.66,0.47,0,47740.8,0.36,0.09,0.15,2.96,11.9,0.25,60.65693,-145.89104,133.7,134.7,48531.1,31032,-1.9,32,24.0,0,1.474,0,1.525,2.221,24.0,0
04/11/2025,12:07:22 AM,0,SBO1,130.7,13.04,6.726,742.7,31222.1,30.80,0.53,0,47959.5,0.89,0.23,0.78,2.96,11.9,1.96,60.65693,-145.89104,133.8,134.7,48750.7,31174,-2.0,32,24.2,0,1.752,0,1.708,2.488,24.2,0
04/11/2025,12:07:23 AM,0,SBO1,130.7,13.05,6.705,742.7,31230.7,30.83,0.57,0,48005.2,1.17,0.31,1.06,2.96,11.9,2.74,60.65694,-145.89104,133.8,134.7,48796.3,31203,-1.9,32,24.2,0,1.861,0,1.795,2.615,24.2,0
04/11/2025,12:07:24 AM,0,SBO1,130.7,13.05,6.682,742.6,31234.4,30.86,0.60,0,48039.9,1.52,0.40,1.41,2.96,11.9,3.68,60.65695,-145.89104,133.8,134.7,48830.6,31226,-2.0,32,24.2,0,1.940,0,1.850,2.695,24.2,0
04/11/2025,12:07:25 AM,0,SBO1,130.7,13.06,6.662,743.2,31236.4,30.88,0.65,0,48075.5,1.72,0.45,1.64,2.96,11.9,4.33,60.65695,-145.89102,133.7,134.7,48865.9,31249,-2.3,32,24.2,0,1.972,0,1.885,2.746,24.2,0
04/11/2025,12:07:26 AM,0,SBO1,130.7,13.06,6.639,743.0,31237.2,30.90,0.69,0,48104.4,2.02,0.54,1.97,2.96,11.9,5.22,60.65694,-145.89104,133.7,134.7,48894.5,31268,-1.8,32,24.2,0,2.025,0,1.916,2.791,24.2,0
04/11/2025,12:07:27 AM,0,SBO1,130.8,13.07,6.620,742.9,31233.9,30.91,0.71,0,48131.1,2.36,0.63,2.26,2.96,11.9,6.01,60.65693,-145.89104,133.8,134.7,48920.8,31285,-1.7,32,24.3,0,2.160,0,1.959,2.853,24.3,0
04/11/2025,12:07:28 AM,0,SBO1,130.8,13.08,6.595,742.9,31230.0,30.93,0.73,0,48155.8,2.57,0.68,2.47,2.96,11.9,6.58,60.65693,-145.89104,133.8,134.8,48945.0,31301,-1.5,32,24.3,0,2.283,0,1.999,2.912,24.3,0
04/11/2025,12:07:29 AM,0,SBO1,130.8,13.09,6.574,742.9,31225.8,30.95,0.73,0,48183.3,2.83,0.75,2.66,2.96,11.9,7.10,60.65693,-145.89105,133.9,134.8,48972.0,31319,-1.2,32,24.3,0,2.377,0,2.046,2.981,24.3,0
04/11/2025,12:07:30 AM,0,SBO1,130.9,13.10,6.553,742.9,31220.3,30.96,0.75,0,48205.0,2.96,0.79,2.84,2.96,11.9,7.58,60.65692,-145.89105,133.9,134.8,48993.2,31333,-1.0,32,24.3,0,2.522,0,2.102,3.062,24.3,0
04/11/2025,12:07:31 AM,0,SBO1,130.9,13.11,6.523,742.8,31212.8,30.98,0.76,0,48235.2,3.05,0.81,3.18,2.96,11.9,8.51,60.65693,-145.89105,133.9,134.8,49022.6,31353,-0.9,32,24.3,0,2.672,0,2.174,3.167,24.3,0
04/11/2025,12:07:32 AM,0,SBO1,130.9,13.11,6.515,742.8,31210.2,30.98,0.76,0,48243.4,3.04,0.81,3.29,2.96,11.9,8.82,60.65693,-145.89105,133.9,134.9,49030.6,31358,-0.9,32,24.3,0,2.711,0,2.204,3.212,24.3,0
04/11/2025,12:07:33 AM,0,SBO1,130.9,13.12,6.498,742.9,31205.4,30.99,0.77,0,48256.6,2.96,0.78,3.44,2.96,11.9,9.23,60.65692,-145.89105,133.9,134.9,49043.4,31367,-0.8,32,24.3,0,2.764,0,2.250,3.277,24.3,0
04/11/2025,12:07:34 AM,0,SBO1,130.9,13.12,6.485,742.6,31200.1,31.00,0.76,0,48270.5,2.73,0.72,7.03,2.96,11.9,19.02,60.65693,-145.89105,134.0,134.9,49056.9,31376,-0.7,32,24.3,0,2.885,0,2.297,3.346,24.4,0
04/11/2025,12:07:35 AM,0,SBO1,130.9,13.12,6.470,742.6,31196.3,31.01,0.78,0,48283.7,2.79,0.74,5.49,2.96,11.9,14.82,60.65692,-145.89107,133.9,134.8,49069.7,31384,-0.7,32,24.3,0,3.001,0,3.091,4.503,24.4,0
04/11/2025,12:07:36 AM,0,SBO1,130.9,13.12,6.459,742.8,31192.5,31.01,0.78,0,48296.1,2.92,0.77,9.60,2.96,11.9,26.01,60.65693,-145.89107,133.9,134.8,49081.8,31392,-0.6,32,24.4,0,3.120,0,3.193,4.652,24.4,0
04/11/2025,12:07:40 AM,0,SBO1,130.5,13.10,6.417,743.2,31180.8,31.04,0.81,0,48337.4,3.09,0.82,8.68,2.96,11.9,23.51,60.65694,-145.89107,133.5,134.5,49122.0,31419,-0.7,32,24.4,0,3.523,0,3.456,5.035,24.4,0
04/11/2025,12:07:41 AM,0,SBO1,130.4,13.09,6.411,742.8,31179.5,31.04,0.80,0,48343.7,3.25,0.86,7.22,2.96,11.9,19.53,60.65694,-145.89107,133.4,134.4,49128.1,31423,-0.7,32,24.4,0,3.571,0,3.502,5.102,24.4,0
04/11/2025,12:07:42 AM,0,SBO1,130.3,13.08,6.407,742.9,31178.7,31.05,0.81,0,48348.3,3.49,0.93,7.26,2.96,11.9,19.63,60.65694,-145.89107,133.3,134.2,49132.5,31426,-0.9,32,24.4,0,3.645,0,3.538,5.154,24.4,0
04/11/2025,12:07:45 AM,0,SBO1,129.8,13.04,6.395,742.9,31177.2,31.05,0.86,0,48363.1,3.94,1.05,4.86,2.96,11.9,13.09,60.65694,-145.89105,132.8,133.8,49147.1,31436,-1.4,32,24.4,0,3.763,0,3.634,5.295,24.4,0
04/11/2025,12:07:46 AM,0,SBO1,129.7,13.02,6.393,743.2,31176.8,31.06,0.88,0,48365.7,4.01,1.06,6.11,2.96,11.9,16.51,60.65694,-145.89104,132.6,133.6,49149.6,31438,-1.3,32,24.4,0,3.761,0,3.651,5.319,24.4,0
04/11/2025,12:07:47 AM,0,SBO1,129.5,13.01,6.390,743.0,31177.1,31.06,0.91,0,48370.2,4.05,1.08,6.13,2.96,11.9,16.57,60.65694,-145.89104,132.5,133.4,49154.1,31441,-1.2,32,24.4,0,3.776,0,3.668,5.344,24.4,0
04/11/2025,12:07:48 AM,0,SBO1,129.3,12.99,6.387,742.8,31176.0,31.06,0.92,0,48372.2,4.01,1.06,4.10,2.96,11.9,11.02,60.65694,-145.89104,132.3,133.3,49156.0,31442,-1.4,32,24.4,0,3.860,0,3.684,5.368,24.4,0
04/11/2025,12:07:49 AM,0,SBO1,129.2,12.97,6.384,743.0,31175.2,31.06,0.91,0,48376.3,3.90,1.04,5.47,2.96,11.9,14.77,60.65694,-145.89104,132.1,133.1,49160.0,31445,-1.4,32,24.4,0,3.943,0,3.705,5.398,24.4,0
04/11/2025,12:07:50 AM,0,SBO1,129.0,12.95,6.380,743.1,31174.8,31.07,0.92,0,48380.6,3.68,0.98,4.58,2.96,11.9,12.32,60.65694,-145.89104,131.9,132.9,49164.2,31447,-1.5,32,24.4,0,4.006,0,3.729,5.433,24.4,0
04/11/2025,12:07:52 AM,0,SBO1,128.6,12.92,6.372,742.9,31171.4,31.07,0.87,0,48386.4,3.23,0.86,3.42,2.96,11.9,9.15,60.65695,-145.89104,131.6,132.5,49169.8,31451,-1.5,32,24.4,0,4.217,0,3.792,5.526,24.4,0
04/11/2025,12:07:53 AM,0,SBO1,128.4,12.90,6.368,743.1,31169.8,31.07,0.84,0,48390.0,3.02,0.80,3.44,2.96,11.9,9.23,60.65696,-145.89104,131.3,132.3,49173.2,31453,-1.1,32,24.4,0,4.296,0,3.824,5.571,24.4,0
04/11/2025,12:07:54 AM,0,SBO1,128.2,12.88,6.365,743.2,31167.9,31.07,0.83,0,48391.8,2.72,0.72,3.44,2.96,11.9,9.23,60.65696,-145.89104,131.1,132.0,49174.9,31455,-1.2,32,24.4,0,4.357,0,3.857,5.620,24.4,0
04/11/2025,12:07:55 AM,0,SBO1,127.8,12.85,6.360,742.9,31165.2,31.07,0.82,0,48394.9,2.37,0.63,3.14,2.96,11.9,8.41,60.65695,-145.89104,130.8,131.7,49177.9,31457,-1.0,32,24.4,0,4.429,0,3.895,5.676,24.4,0
04/11/2025,12:07:56 AM,0,SBO1,127.7,12.84,6.359,742.9,31164.0,31.07,0.80,0,48394.5,2.37,0.63,3.13,2.96,11.9,8.37,60.65696,-145.89102,130.7,131.6,49177.4,31456,-1.0,32,24.4,0,4.459,0,3.926,5.721,24.4,0
04/11/2025,12:07:57 AM,0,SBO1,127.5,12.81,6.356,742.7,31162.7,31.07,0.80,0,48395.7,2.15,0.57,2.87,2.96,11.9,7.67,60.65696,-145.89104,130.4,131.3,49178.5,31457,-1.2,32,24.4,0,4.524,0,3.956,5.763,24.4,0
04/11/2025,12:07:58 AM,0,SBO1,127.2,12.79,6.354,743.2,31160.5,31.07,0.80,0,48396.5,1.91,0.50,2.70,2.96,11.9,7.20,60.65695,-145.89102,130.1,131.1,49179.2,31458,-1.0,32,24.4,0,4.589,0,3.986,5.808,24.4,0
04/11/2025,12:07:59 AM,0,SBO1,127.0,12.76,6.351,742.9,31158.8,31.07,0.81,0,48397.8,1.77,0.47,2.67,2.96,11.9,7.12,60.65696,-145.89102,129.9,130.8,49180.4,31459,-0.7,32,24.4,0,4.644,0,4.022,5.860,24.4,0
04/11/2025,12:08:00 AM,0,SBO1,126.8,12.74,6.349,743.3,31157.3,31.07,0.80,0,48398.5,1.65,0.44,2.54,2.96,11.9,6.77,60.65696,-145.89102,129.6,130.6,49181.1,31459,-0.9,32,24.4,0,4.666,0,4.051,5.902,24.4,0
04/11/2025,12:08:03 AM,0,SBO1,126.0,12.67,6.346,743.0,31154.3,31.07,0.86,0,48398.5,1.36,0.36,2.37,2.96,11.9,6.32,60.65696,-145.89104,128.9,129.8,49180.9,31459,-0.5,32,24.4,0,4.819,0,4.835,7.045,24.4,0
04/11/2025,12:08:05 AM,0,SBO1,125.5,12.62,6.345,743.0,31153.3,31.07,0.84,0,48398.0,1.21,0.32,2.33,2.96,11.9,6.19,60.65696,-145.89102,128.4,129.3,49180.3,31459,-0.6,32,24.4,0,4.934,0,4.919,7.166,24.4,0
04/11/2025,12:08:06 AM,0,SBO1,125.3,12.60,6.344,742.9,31152.9,31.07,0.84,0,48398.3,1.20,0.31,2.26,2.96,11.9,6.01,60.65697,-145.89102,128.2,129.1,49180.6,31459,-0.6,32,24.4,0,4.986,0,4.960,7.227,24.4,0
04/11/2025,12:08:09 AM,0,SBO1,124.7,12.53,6.343,743.0,31152.0,31.07,0.80,0,48399.4,1.09,0.29,2.12,2.96,11.9,5.62,60.65697,-145.89102,127.5,128.5,49181.6,31460,0.1,32,24.4,0,5.122,0,5.053,7.362,24.4,0
04/11/2025,12:08:10 AM,0,SBO1,124.5,12.52,6.342,743.4,31152.4,31.08,0.74,0,48400.9,1.05,0.28,2.06,2.96,11.9,5.45,60.65697,-145.89102,127.3,128.3,49183.1,31461,0.3,32,24.4,0,5.214,0,5.078,7.398,24.4,0
04/11/2025,12:08:11 AM,0,SBO1,124.3,12.50,6.341,743.2,31152.5,31.08,0.73,0,48402.8,1.04,0.27,1.99,2.96,11.9,5.28,60.65697,-145.89102,127.1,128.1,49185.0,31462,0.8,32,24.4,0,5.278,0,5.114,7.451,24.4,0
04/11/2025,12:08:12 AM,0,SBO1,124.1,12.48,6.339,742.9,31152.6,31.08,0.72,0,48404.6,1.03,0.27,1.84,2.96,11.9,4.85,60.65696,-145.89100,127.0,127.9,49186.8,31463,1.0,32,24.4,0,5.344,0,5.143,7.494,24.4,0
04/11/2025,12:08:13 AM,0,SBO1,124.0,12.46,6.338,743.1,31152.0,31.08,0.72,0,48406.6,0.99,0.26,1.80,2.96,11.9,4.74,60.65696,-145.89100,126.8,127.7,49188.8,31464,1.4,32,24.4,0,5.392,0,5.172,7.535,24.5,0
04/11/2025,12:08:14 AM,0,SBO1,123.8,12.45,6.335,743.1,31151.6,31.08,0.66,0,48408.7,0.95,0.25,1.69,2.96,11.9,4.44,60.65696,-145.89100,126.6,127.5,49190.8,31466,1.9,32,24.4,0,5.450,0,5.199,7.575,24.5,0
04/11/2025,12:08:15 AM,0,SBO1,123.6,12.43,6.333,742.9,31151.1,31.08,0.64,0,48411.4,0.93,0.24,1.64,2.96,11.9,4.32,60.65696,-145.89099,126.5,127.4,49193.4,31467,2.4,32,24.4,0,5.491,0,5.228,7.617,24.5,0
04/11/2025,12:08:16 AM,0,SBO1,123.5,12.41,6.331,742.9,31150.6,31.08,0.63,0,48414.0,0.90,0.24,1.55,2.96,11.9,4.06,60.65696,-145.89099,126.3,127.2,49195.9,31469,2.7,32,24.4,0,5.538,0,5.260,7.663,24.5,0
04/11/2025,12:08:17 AM,0,SBO1,123.3,12.40,6.328,742.9,31150.5,31.09,0.60,0,48417.9,0.86,0.23,1.51,2.96,11.9,3.95,60.65696,-145.89099,126.1,127.0,49199.8,31472,2.8,32,24.4,0,5.561,0,5.284,7.698,24.5,0
04/11/2025,12:08:18 AM,0,SBO1,123.1,12.38,6.325,743.0,31150.0,31.09,0.59,0,48420.9,0.81,0.21,1.44,2.96,11.9,3.77,60.65696,-145.89099,126.0,126.9,49202.8,31474,3.0,32,24.4,0,5.607,0,5.306,7.731,24.5,0
04/11/2025,12:08:19 AM,0,SBO1,123.0,12.37,6.322,743.1,31149.7,31.09,0.59,0,48425.2,0.82,0.21,1.44,2.96,11.9,3.77,60.65696,-145.89099,125.8,126.7,49206.9,31476,3.4,32,24.4,0,5.645,0,5.329,7.765,24.5,0
04/11/2025,12:08:20 AM,0,SBO1,122.8,12.35,6.318,742.9,31149.1,31.09,0.58,0,48429.0,0.78,0.20,1.38,2.96,11.9,3.61,60.65696,-145.89098,125.6,126.5,49210.7,31479,3.8,32,24.4,0,5.713,0,5.356,7.804,24.5,0
04/11/2025,12:08:21 AM,0,SBO1,122.7,12.34,6.315,743.0,31148.5,31.10,0.58,0,48434.4,0.77,0.20,1.30,2.96,11.9,3.38,60.65696,-145.89098,125.5,126.4,49215.9,31482,4.0,32,24.4,0,5.760,0,5.380,7.839,24.5,0
04/11/2025,12:08:22 AM,0,SBO1,122.5,12.32,6.310,743.0,31148.2,31.10,0.59,0,48439.8,0.71,0.19,1.25,2.96,11.9,3.24,60.65695,-145.89098,125.3,126.2,49221.2,31486,4.3,32,24.4,0,5.855,0,5.404,7.874,24.5,0
04/11/2025,12:08:23 AM,0,SBO1,122.3,12.30,6.305,742.9,31149.0,31.10,0.59,0,48448.2,0.69,0.18,1.13,2.96,11.9,2.91,60.65695,-145.89098,125.1,126.0,49229.6,31491,4.6,32,24.4,0,5.974,0,5.433,7.917,24.5,0
04/11/2025,12:08:24 AM,0,SBO1,122.1,12.29,6.301,743.2,31149.8,31.11,0.59,0,48454.7,0.73,0.19,1.10,2.96,11.9,2.83,60.65695,-145.89098,124.9,125.8,49236.0,31496,4.4,32,24.4,0,6.084,0,5.470,7.971,24.5,0
04/11/2025,12:08:27 AM,0,SBO1,121.6,12.23,6.291,742.9,31152.7,31.12,0.56,0,48474.5,0.74,0.19,0.97,2.95,11.9,2.50,60.65695,-145.89098,124.4,125.2,49255.7,31508,4.4,32,24.5,0,6.409,0,6.471,9.428,24.5,0
04/11/2025,12:08:28 AM,0,SBO1,121.4,12.21,6.288,743.2,31154.9,31.13,0.56,0,48482.7,0.70,0.18,0.92,2.95,11.9,2.35,60.65695,-145.89098,124.1,125.0,49263.9,31514,4.5,32,24.5,0,6.509,0,6.505,9.479,24.5,0
04/11/2025,12:08:29 AM,0,SBO1,121.1,12.19,6.285,743.1,31156.8,31.13,0.54,0,48489.8,0.69,0.18,0.89,2.95,11.9,2.27,60.65694,-145.89098,123.9,124.8,49270.9,31518,4.7,32,24.5,0,6.631,0,6.562,9.561,24.5,0
04/11/2025,12:08:30 AM,0,SBO1,120.9,12.17,6.282,742.9,31158.6,31.14,0.52,0,48497.1,0.59,0.15,0.82,2.95,11.9,2.07,60.65694,-145.89098,123.7,124.6,49278.2,31523,5.0,32,24.5,0,6.698,0,6.627,9.656,24.5,0
04/11/2025,12:08:33 AM,0,SBO1,120.3,12.10,6.276,743.1,31167.2,31.15,0.50,0,48519.0,0.54,0.14,0.66,2.95,11.9,1.63,60.65694,-145.89098,123.0,123.9,49300.2,31537,5.4,32,24.5,0,6.943,0,6.753,9.840,24.5,0
04/11/2025,12:08:34 AM,0,SBO1,120.0,12.08,6.275,742.9,31170.4,31.16,0.49,0,48525.3,0.50,0.13,0.56,2.95,11.9,1.38,60.65693,-145.89098,122.8,123.7,49306.5,31541,5.4,32,24.5,0,7.020,0,6.792,9.897,24.5,0
04/11/2025,12:08:35 AM,0,SBO1,119.8,12.06,6.274,742.9,31173.0,31.16,0.49,0,48530.2,0.48,0.12,0.54,2.96,11.9,1.31,60.65693,-145.89098,122.6,123.4,49311.5,31545,5.5,32,24.5,0,7.115,0,6.832,9.955,24.5,0
04/11/2025,12:08:36 AM,0,SBO1,119.6,12.04,6.274,743.0,31175.6,31.16,0.48,0,48534.8,0.39,0.10,0.49,2.96,11.9,1.18,60.65693,-145.89098,122.3,123.2,49316.2,31548,5.7,32,24.5,0,7.261,0,6.887,10.035,24.5,0
04/11/2025,12:08:37 AM,0,SBO1,119.4,12.01,6.274,742.9,31177.4,31.16,0.47,0,48538.2,0.37,0.10,0.43,2.96,11.9,1.01,60.65692,-145.89098,122.1,123.0,49319.6,31550,5.9,32,24.5,0,7.321,0,6.933,10.103,24.5,0
04/11/2025,12:08:38 AM,0,SBO1,119.1,11.99,6.273,742.7,31178.8,31.17,0.47,0,48541.0,0.33,0.08,0.33,2.96,11.9,0.73,60.65692,-145.89098,121.9,122.7,49322.4,31552,6.1,32,24.5,0,7.345,0,6.972,10.159,24.5,0
04/11/2025,12:08:39 AM,0,SBO1,118.9,11.97,6.272,742.9,31180.9,31.17,0.47,0,48545.2,0.32,0.08,0.31,2.96,11.9,0.68,60.65692,-145.89098,121.7,122.5,49326.6,31554,6.1,32,24.5,0,7.447,0,7.010,10.215,24.5,0
04/11/2025,12:08:40 AM,0,SBO1,118.7,11.94,6.271,743.2,31182.9,31.17,0.46,0,48550.7,0.32,0.08,0.28,2.96,11.9,0.62,60.65692,-145.89098,121.4,122.3,49332.2,31558,6.1,32,24.5,0,7.529,0,7.058,10.284,24.5,0
04/11/2025,12:08:41 AM,0,SBO1,118.5,11.92,6.269,742.8,31184.9,31.18,0.46,0,48557.2,0.35,0.09,0.26,2.96,11.9,0.54,60.65692,-145.89098,121.2,122.1,49338.6,31562,6.1,32,24.5,0,7.601,0,7.096,10.341,24.5,0
04/11/2025,12:08:42 AM,0,SBO1,118.2,11.90,6.266,742.9,31186.2,31.18,0.47,0,48562.4,0.41,0.10,0.26,2.96,11.9,0.54,60.65692,-145.89098,121.0,121.8,49343.9,31566,6.2,32,24.5,0,7.685,0,7.135,10.397,24.6,0
04/11/2025,12:08:43 AM,0,SBO1,117.9,11.87,6.261,743.1,31187.8,31.19,0.47,0,48572.2,0.43,0.11,0.23,2.96,11.9,0.46,60.65692,-145.89096,120.6,121.5,49353.6,31572,6.3,32,24.5,0,7.811,0,7.197,10.487,24.6,0
04/11/2025,12:08:44 AM,0,SBO1,117.8,11.86,6.258,743.0,31188.3,31.19,0.48,0,48576.8,0.40,0.10,0.23,2.96,11.9,0.47,60.65691,-145.89096,120.5,121.4,49358.1,31575,6.5,32,24.5,0,7.854,0,7.220,10.521,24.6,0
04/11/2025,12:08:45 AM,0,SBO1,117.6,11.84,6.253,742.9,31188.7,31.20,0.48,0,48586.1,0.41,0.11,0.23,2.96,11.9,0.47,60.65691,-145.89096,120.3,121.1,49367.3,31581,6.7,32,24.5,0,7.912,0,7.948,11.581,24.6,0
04/11/2025,12:08:46 AM,0,SBO1,117.3,11.81,6.247,743.2,31189.7,31.20,0.48,0,48594.7,0.38,0.10,0.21,2.96,11.9,0.42,60.65691,-145.89096,120.0,120.9,49375.8,31587,6.9,32,24.5,0,8.000,0,8.060,11.745,24.6,0
04/11/2025,12:08:47 AM,0,SBO1,117.1,11.79,6.242,742.9,31190.3,31.21,0.46,0,48604.4,0.40,0.10,0.20,2.96,11.9,0.39,60.65691,-145.89096,119.8,120.6,49385.4,31593,7.1,32,24.5,0,8.096,0,8.150,11.877,24.6,0
04/11/2025,12:08:48 AM,0,SBO1,116.8,11.76,6.235,742.9,31191.5,31.21,0.46,0,48614.7,0.40,0.10,0.19,2.96,11.9,0.36,60.65691,-145.89095,119.5,120.4,49395.5,31600,7.1,32,24.5,0,8.204,0,8.204,11.955,24.6,0
04/11/2025,12:08:51 AM,0,SBO1,116.0,11.69,6.216,743.1,31193.3,31.23,0.47,0,48645.9,0.41,0.11,0.18,2.96,11.9,0.33,60.65692,-145.89095,118.7,119.5,49426.4,31620,7.2,32,24.6,0,8.498,0,8.352,12.170,24.6,0
04/11/2025,12:08:52 AM,0,SBO1,115.7,11.66,6.210,742.9,31194.2,31.24,0.46,0,48656.8,0.40,0.10,0.19,2.96,11.9,0.36,60.65692,-145.89095,118.4,119.2,49437.1,31627,7.4,32,24.6,0,8.587,0,8.415,12.263,24.6,0
04/11/2025,12:08:53 AM,0,SBO1,115.5,11.63,6.205,743.1,31195.7,31.25,0.46,0,48665.6,0.35,0.09,0.17,2.96,11.9,0.29,60.65692,-145.89095,118.1,118.9,49445.8,31633,7.4,32,24.6,0,8.628,0,8.456,12.323,24.6,0
04/11/2025,12:08:54 AM,0,SBO1,115.1,11.60,6.201,742.9,31196.3,31.25,0.46,0,48673.3,0.31,0.08,0.17,2.96,11.9,0.29,60.65692,-145.89095,117.8,118.6,49453.4,31638,7.4,32,24.6,0,8.697,0,8.492,12.375,24.6,0
04/11/2025,12:08:57 AM,0,SBO1,114.3,11.51,6.191,742.9,31198.9,31.26,0.46,0,48691.3,0.32,0.08,0.14,2.96,11.9,0.23,60.65692,-145.89091,116.9,117.7,49471.3,31649,7.2,32,24.6,0,8.863,0,8.607,12.542,24.6,0
04/11/2025,12:08:58 AM,0,SBO1,114.0,11.48,6.190,742.8,31199.6,31.27,0.45,0,48694.3,0.33,0.08,0.13,2.96,11.9,0.19,60.65691,-145.89093,116.6,117.4,49474.2,31651,6.0,32,24.6,0,8.911,0,8.634,12.582,24.6,0
04/11/2025,12:08:59 AM,0,SBO1,113.7,11.45,6.188,742.8,31199.5,31.27,0.45,0,48696.5,0.30,0.08,0.12,2.96,11.9,0.17,60.65691,-145.89093,116.3,117.1,49476.4,31653,5.5,32,24.6,0,9.040,0,8.664,12.626,24.6,0
04/11/2025,12:09:02 AM,0,SBO1,112.9,11.37,6.185,743.0,31200.1,31.27,0.47,0,48701.8,0.32,0.08,0.11,2.96,11.9,0.14,60.65691,-145.89095,115.5,116.3,49481.7,31656,4.1,32,24.6,0,9.270,0,8.775,12.787,24.6,0
04/11/2025,12:09:04 AM,0,SBO1,112.4,11.33,6.184,743.0,31200.7,31.27,0.48,0,48704.9,0.41,0.11,0.13,2.96,11.9,0.19,60.65692,-145.89095,115.0,115.8,49484.8,31658,2.9,32,24.6,0,9.504,0,9.572,13.949,24.7,0
04/11/2025,12:09:05 AM,0,SBO1,112.2,11.31,6.183,742.9,31200.6,31.27,0.48,0,48705.5,0.50,0.13,0.12,2.96,11.9,0.17,60.65692,-145.89095,114.8,115.6,49485.3,31659,2.5,32,24.6,0,9.604,0,9.637,14.043,24.7,0
04/11/2025,12:09:07 AM,0,SBO1,111.8,11.27,6.181,742.9,31199.8,31.27,0.49,0,48706.9,0.52,0.14,0.15,2.96,11.9,0.25,60.65692,-145.89095,114.4,115.2,49486.6,31659,2.1,32,24.6,0,9.796,0,9.805,14.288,24.7,0
04/11/2025,12:09:08 AM,0,SBO1,111.6,11.25,6.181,743.0,31200.2,31.27,0.49,0,48708.5,0.63,0.16,0.17,2.96,11.9,0.31,60.65692,-145.89095,114.2,115.0,49488.3,31661,1.7,32,24.6,0,9.871,0,9.851,14.356,24.7,0
04/11/2025,12:09:09 AM,0,SBO1,111.4,11.23,6.180,742.9,31199.8,31.27,0.49,0,48708.7,0.62,0.16,0.21,2.96,11.9,0.40,60.65692,-145.89095,114.0,114.8,49488.4,31661,1.4,32,24.6,0,9.957,0,9.896,14.421,24.7,0
04/11/2025,12:09:10 AM,0,SBO1,111.3,11.21,6.179,743.0,31199.2,31.27,0.50,0,48708.9,0.64,0.17,0.22,2.96,11.9,0.44,60.65692,-145.89096,113.8,114.6,49488.6,31661,0.8,32,24.6,0,10.054,0,9.942,14.488,24.7,0
04/11/2025,12:09:12 AM,0,SBO1,111.0,11.18,6.178,742.8,31199.5,31.28,0.48,0,48711.4,0.60,0.16,0.24,2.96,11.9,0.49,60.65692,-145.89096,113.5,114.3,49491.0,31662,0.5,32,24.6,0,10.183,0,10.024,14.607,24.7,0
04/11/2025,12:09:14 AM,0,SBO1,110.8,11.16,6.177,742.7,31200.2,31.28,0.48,0,48713.4,0.59,0.15,0.23,2.96,11.9,0.48,60.65691,-145.89096,113.3,114.1,49493.0,31664,0.4,32,24.6,0,10.341,0,10.085,14.697,24.7,0
04/11/2025,12:09:16 AM,0,SBO1,110.4,11.13,6.176,743.0,31200.4,31.28,0.48,0,48715.9,0.40,0.10,0.28,2.96,11.9,0.59,60.65691,-145.89096,112.9,113.8,49495.6,31665,0.1,32,24.6,0,10.517,0,10.195,14.857,24.7,0
04/11/2025,12:09:17 AM,0,SBO1,110.3,11.12,6.175,743.2,31200.9,31.28,0.48,0,48717.6,0.40,0.10,0.29,2.96,11.9,0.64,60.65691,-145.89096,112.8,113.6,49497.2,31666,-0.1,32,24.6,0,10.606,0,10.233,14.912,24.7,0
04/11/2025,12:09:18 AM,0,SBO1,110.2,11.10,6.174,742.9,31201.5,31.28,0.47,0,48719.3,0.41,0.11,0.31,2.96,11.9,0.68,60.65691,-145.89096,112.7,113.5,49499.0,31668,-0.1,32,24.6,0,10.727,0,10.283,14.985,24.7,0
04/11/2025,12:09:21 AM,0,SBO1,109.8,11.07,6.172,743.0,31202.9,31.28,0.44,0,48724.9,0.40,0.10,0.33,2.96,11.9,0.73,60.65691,-145.89096,112.3,113.1,49504.5,31671,-0.6,32,24.6,0,10.957,0,10.407,15.166,24.7,0
04/11/2025,12:09:22 AM,0,SBO1,109.7,11.06,6.171,743.0,31203.9,31.29,0.43,0,48728.3,0.43,0.11,0.34,2.96,11.9,0.76,60.65691,-145.89096,112.2,113.0,49507.9,31673,-0.7,32,24.6,0,11.046,0,10.455,15.235,24.7,0
04/11/2025,12:09:23 AM,0,SBO1,109.6,11.05,6.170,742.9,31205.5,31.29,0.43,0,48732.4,0.42,0.11,0.32,2.96,11.9,0.72,60.65691,-145.89096,112.1,112.9,49512.0,31676,-0.9,32,24.6,0,11.078,0,10.471,15.259,24.7,0
04/11/2025,12:09:24 AM,0,SBO1,109.5,11.03,6.169,742.5,31206.4,31.29,0.43,0,48735.5,0.49,0.13,0.35,2.96,11.9,0.79,60.65691,-145.89096,112.1,112.8,49515.1,31678,-1.0,32,24.6,0,11.167,0,11.223,16.355,24.7,0
04/11/2025,12:09:25 AM,0,SBO1,109.4,11.02,6.167,743.1,31207.2,31.29,0.43,0,48738.6,0.51,0.13,0.35,2.96,11.9,0.79,60.65691,-145.89096,111.9,112.7,49518.3,31680,-1.1,32,24.6,0,11.298,0,11.331,16.512,24.7,0
04/11/2025,12:09:26 AM,0,SBO1,109.2,11.01,6.166,743.1,31208.1,31.30,0.43,0,48742.0,0.50,0.13,0.34,2.96,11.9,0.77,60.65691,-145.89096,111.7,112.5,49521.6,31682,-1.1,32,24.6,0,11.391,0,11.421,16.644,24.7,0
04/11/2025,12:09:28 AM,0,SBO1,109.0,10.99,6.163,742.8,31211.4,31.30,0.43,0,48751.2,0.42,0.11,0.29,2.96,11.9,0.64,60.65691,-145.89096,111.5,112.3,49530.9,31688,-1.3,32,24.6,0,11.602,0,11.532,16.805,24.7,0
04/11/2025,12:09:29 AM,0,SBO1,108.9,10.97,6.162,743.0,31213.2,31.30,0.43,0,48756.0,0.42,0.11,0.28,2.96,11.9,0.60,60.65691,-145.89096,111.4,112.2,49535.7,31691,-1.2,32,24.6,0,11.623,0,11.579,16.875,24.7,0
04/11/2025,12:09:30 AM,0,SBO1,108.7,10.96,6.161,742.8,31214.9,31.31,0.43,0,48760.6,0.41,0.10,0.28,2.96,11.9,0.61,60.65691,-145.89096,111.3,112.0,49540.3,31694,-1.2,32,24.6,0,11.644,0,11.602,16.908,24.7,0
04/11/2025,12:09:31 AM,0,SBO1,108.6,10.95,6.159,742.9,31216.8,31.31,0.43,0,48765.1,0.38,0.10,0.26,2.96,11.9,0.54,60.65691,-145.89096,111.1,111.9,49544.8,31697,-1.2,32,24.6,0,11.796,0,11.629,16.948,24.7,0
04/11/2025,12:09:32 AM,0,SBO1,108.5,10.93,6.158,743.1,31219.2,31.31,0.43,0,48770.8,0.36,0.09,0.28,2.96,11.9,0.60,60.65691,-145.89096,110.9,111.7,49550.5,31701,-1.3,32,24.6,0,11.919,0,11.675,17.014,24.7,0
04/11/2025,12:09:33 AM,0,SBO1,108.3,10.92,6.157,742.9,31220.8,31.32,0.43,0,48774.8,0.37,0.09,0.27,2.96,11.9,0.57,60.65691,-145.89096,110.8,111.6,49554.5,31704,-1.2,32,24.6,0,11.935,0,11.716,17.074,24.7,0
04/11/2025,12:09:34 AM,0,SBO1,108.2,10.91,6.156,743.0,31223.0,31.32,0.43,0,48779.3,0.37,0.10,0.26,2.96,11.9,0.55,60.65691,-145.89096,110.6,111.4,49559.0,31707,-1.2,32,24.6,0,11.996,0,11.754,17.130,24.7,0
04/11/2025,12:09:35 AM,0,SBO1,108.0,10.89,6.156,743.1,31224.8,31.32,0.43,0,48783.0,0.31,0.08,0.29,2.96,11.9,0.64,60.65691,-145.89096,110.5,111.3,49562.7,31709,-1.2,32,24.6,0,12.114,0,11.792,17.185,24.7,0
04/11/2025,12:09:36 AM,0,SBO1,107.9,10.87,6.155,743.0,31226.8,31.33,0.43,0,48787.0,0.30,0.08,0.30,2.96,11.9,0.65,60.65691,-145.89096,110.3,111.1,49566.8,31712,-1.3,32,24.6,0,12.232,0,11.833,17.244,24.7,0
04/11/2025,12:09:39 AM,0,SBO1,107.4,10.83,6.154,743.0,31233.0,31.33,0.44,0,48798.7,0.34,0.09,0.28,2.96,11.9,0.61,60.65691,-145.89096,109.9,110.7,49578.6,31719,-1.5,32,24.6,0,12.649,0,12.715,18.530,24.7,0
04/11/2025,12:09:40 AM,0,SBO1,107.3,10.81,6.153,742.9,31234.5,31.34,0.44,0,48801.5,0.37,0.09,0.30,2.96,11.9,0.66,60.65691,-145.89096,109.8,110.5,49581.4,31721,-1.6,32,24.6,0,12.768,0,12.805,18.662,24.7,0
04/11/2025,12:09:41 AM,0,SBO1,107.2,10.81,6.153,742.7,31235.2,31.34,0.45,0,48802.8,0.41,0.10,0.32,2.96,11.9,0.70,60.65691,-145.89096,109.7,110.4,49582.8,31722,-1.6,32,24.6,0,12.819,0,12.886,18.780,24.7,0
04/11/2025,12:09:42 AM,0,SBO1,107.0,10.79,6.153,742.9,31237.2,31.34,0.44,0,48806.4,0.41,0.10,0.30,2.96,11.9,0.67,60.65691,-145.89096,109.5,110.2,49586.4,31724,-1.6,32,24.6,0,12.936,0,12.933,18.849,24.7,0
04/11/2025,12:09:45 AM,0,SBO1,106.6,10.74,6.152,742.6,31240.6,31.34,0.47,0,48812.6,0.41,0.10,0.27,2.96,11.9,0.58,60.65691,-145.89096,109.1,109.8,49592.7,31728,-1.7,32,24.6,0,13.225,0,13.124,19.126,24.7,0
04/11/2025,12:09:46 AM,0,SBO1,106.4,10.73,6.152,742.9,31241.0,31.34,0.46,0,48813.7,0.40,0.10,0.26,2.96,11.9,0.56,60.65691,-145.89096,108.9,109.7,49593.8,31729,-1.9,32,24.6,0,13.371,0,13.175,19.201,24.7,0
04/11/2025,12:09:47 AM,0,SBO1,106.3,10.72,6.152,742.7,31241.3,31.34,0.47,0,48814.8,0.38,0.10,0.27,2.96,11.9,0.59,60.65691,-145.89096,108.8,109.5,49594.9,31730,-2.0,32,24.6,0,13.561,0,13.271,19.341,24.7,0
04/11/2025,12:09:48 AM,0,SBO1,106.2,10.70,6.151,742.7,31241.9,31.35,0.46,0,48815.9,0.30,0.08,0.24,2.96,11.9,0.48,60.65691,-145.89096,108.7,109.4,49596.0,31730,-2.0,32,24.6,0,13.637,0,13.324,19.419,24.7,0
04/11/2025,12:09:49 AM,0,SBO1,106.1,10.69,6.151,742.7,31242.8,31.35,0.47,0,48817.7,0.36,0.09,0.24,2.96,11.9,0.50,60.65691,-145.89096,108.5,109.3,49597.8,31731,-2.0,32,24.6,0,13.691,0,13.372,19.487,24.7,0
04/11/2025,12:09:50 AM,0,SBO1,106.0,10.68,6.151,742.6,31243.3,31.35,0.47,0,48818.7,0.41,0.11,0.25,2.96,11.9,0.51,60.65691,-145.89096,108.4,109.2,49598.8,31732,-2.2,32,24.7,0,13.844,0,13.430,19.572,24.7,0
04/11/2025,12:09:51 AM,0,SBO1,105.8,10.67,6.151,742.9,31243.6,31.35,0.48,0,48819.8,0.38,0.10,0.23,2.96,11.9,0.47,60.65691,-145.89096,108.3,109.0,49599.9,31733,-2.2,32,24.7,0,14.001,0,13.484,19.652,24.7,0
04/11/2025,12:09:52 AM,0,SBO1,105.7,10.66,6.150,743.1,31243.8,31.35,0.49,0,48821.2,0.35,0.09,0.22,2.96,11.9,0.44,60.65691,-145.89096,108.1,108.9,49601.3,31734,-2.1,32,24.7,0,14.142,0,13.544,19.738,24.7,0
04/11/2025,12:09:53 AM,0,SBO1,105.6,10.64,6.149,743.0,31244.6,31.35,0.50,0,48823.9,0.35,0.09,0.24,2.96,11.9,0.49,60.65691,-145.89096,108.0,108.8,49604.0,31736,-2.2,32,24.7,0,14.260,0,14.308,20.853,24.7,0
04/11/2025,12:09:55 AM,0,SBO1,105.4,10.62,6.146,742.9,31245.9,31.35,0.50,0,48829.9,0.38,0.10,0.23,2.95,11.9,0.46,60.65691,-145.89096,107.8,108.6,49609.9,31739,-2.3,32,24.7,0,14.422,0,14.441,21.046,24.8,0
04/11/2025,12:09:57 AM,0,SBO1,105.1,10.60,6.143,742.7,31248.0,31.36,0.50,0,48838.3,0.55,0.14,0.29,2.95,11.9,0.63,60.65691,-145.89096,107.6,108.3,49618.3,31745,-2.4,32,24.7,0,14.588,0,14.514,21.153,24.8,0
04/11/2025,12:09:58 AM,0,SBO1,105.1,10.59,6.141,742.7,31248.8,31.36,0.51,0,48840.9,0.55,0.14,0.33,2.95,11.9,0.73,60.65691,-145.89096,107.5,108.3,49620.9,31747,-2.6,32,24.7,0,14.650,0,14.563,21.225,24.8,0
04/11/2025,12:10:00 AM,0,SBO1,104.8,10.56,6.138,742.9,31251.8,31.37,0.50,0,48851.2,0.51,0.13,0.27,2.95,11.9,0.57,60.65691,-145.89096,107.2,107.9,49631.2,31753,-2.8,32,24.7,0,14.909,0,14.700,21.424,24.8,0
04/11/2025,12:10:03 AM,0,SBO1,104.3,10.52,6.131,742.8,31257.6,31.38,0.51,0,48869.7,0.54,0.14,0.33,2.95,11.9,0.75,60.65691,-145.89095,106.7,107.5,49649.7,31765,-2.9,32,24.7,0,15.095,0,14.866,21.666,24.8,0
04/11/2025,12:10:04 AM,0,SBO1,104.2,10.50,6.130,742.7,31259.4,31.38,0.51,0,48875.0,0.53,0.14,0.32,2.95,11.9,0.71,60.65691,-145.89095,106.6,107.3,49655.0,31769,-3.2,32,24.7,0,15.145,0,14.898,21.712,24.8,0
04/11/2025,12:10:05 AM,0,SBO1,104.0,10.48,6.128,742.7,31261.5,31.39,0.51,0,48880.1,0.53,0.14,0.33,2.95,11.9,0.74,60.65691,-145.89095,106.4,107.1,49660.1,31772,-3.1,32,24.7,0,15.284,0,14.945,21.781,24.8,0
04/11/2025,12:10:06 AM,0,SBO1,103.8,10.47,6.127,742.9,31262.5,31.39,0.53,0,48883.1,0.48,0.13,0.31,2.95,11.9,0.68,60.65690,-145.89096,106.2,106.9,49663.1,31774,-2.9,32,24.7,0,15.404,0,14.990,21.846,24.8,0
04/11/2025,12:10:08 AM,0,SBO1,103.6,10.44,6.126,743.1,31264.6,31.39,0.55,0,48888.1,0.45,0.12,0.35,2.95,11.9,0.80,60.65690,-145.89096,105.9,106.7,49668.2,31777,-2.8,32,24.7,0,15.514,0,15.071,21.965,24.8,0
04/11/2025,12:10:10 AM,0,SBO1,103.1,10.40,6.125,742.5,31266.7,31.40,0.55,0,48893.2,0.45,0.12,0.35,2.95,11.9,0.79,60.65690,-145.89096,105.6,106.2,49673.3,31781,-2.4,32,24.7,0,15.877,0,15.947,23.241,24.8,0
04/11/2025,12:10:11 AM,0,SBO1,102.9,10.38,6.125,742.8,31266.9,31.40,0.55,0,48894.0,0.48,0.12,0.38,2.95,11.9,0.87,60.65690,-145.89096,105.3,106.1,49674.1,31781,-2.5,32,24.7,0,16.007,0,16.077,23.431,24.8,0
04/11/2025,12:10:12 AM,0,SBO1,102.8,10.36,6.124,742.6,31267.0,31.40,0.56,0,48894.5,0.52,0.13,0.38,2.95,11.9,0.88,60.65689,-145.89096,105.2,105.9,49674.6,31781,-1.9,32,24.7,0,16.126,0,16.195,23.604,24.8,0
04/11/2025,12:10:13 AM,0,SBO1,102.6,10.35,6.124,742.9,31267.3,31.40,0.56,0,48895.5,0.43,0.11,0.40,2.95,11.9,0.94,60.65689,-145.89096,105.0,105.7,49675.6,31782,-1.7,32,24.7,0,16.246,0,16.209,23.623,24.8,0
04/11/2025,12:10:14 AM,0,SBO1,102.5,10.33,6.124,742.7,31267.9,31.40,0.57,0,48896.9,0.44,0.11,0.36,2.95,11.9,0.82,60.65690,-145.89096,104.9,105.6,49676.9,31783,-1.5,32,24.7,0,16.348,0,16.278,23.725,24.8,0
04/11/2025,12:10:15 AM,0,SBO1,102.3,10.32,6.123,743.0,31268.2,31.40,0.57,0,48897.9,0.50,0.13,0.33,2.95,11.9,0.74,60.65689,-145.89096,104.7,105.4,49678.0,31784,-1.5,32,24.7,0,16.405,0,16.338,23.812,24.8,0
04/11/2025,12:10:16 AM,0,SBO1,102.2,10.30,6.123,742.7,31268.7,31.40,0.59,0,48899.4,0.50,0.13,0.32,2.95,11.9,0.70,60.65690,-145.89096,104.6,105.3,49679.4,31785,-1.4,32,24.7,0,16.575,0,16.382,23.876,24.8,0
04/11/2025,12:10:17 AM,0,SBO1,102.1,10.30,6.122,742.9,31269.8,31.40,0.58,0,48902.1,0.51,0.13,0.29,2.95,11.9,0.62,60.65690,-145.89096,104.5,105.2,49682.1,31786,-1.1,32,24.7,0,16.666,0,16.421,23.933,24.8,0
04/11/2025,12:10:18 AM,0,SBO1,102.0,10.28,6.121,743.1,31272.5,31.41,0.59,0,48908.8,0.50,0.13,0.29,2.95,11.9,0.64,60.65689,-145.89095,104.3,105.1,49688.9,31791,-1.0,32,24.7,0,16.798,0,16.489,24.032,24.8,0
04/11/2025,12:10:20 AM,0,SBO1,101.8,10.26,6.118,742.9,31276.2,31.41,0.59,0,48917.8,0.45,0.12,0.29,2.95,11.9,0.62,60.65690,-145.89093,104.1,104.8,49698.0,31797,-0.6,32,24.7,0,16.936,0,16.587,24.175,24.8,0
04/11/2025,12:10:20 AM,0,SBO1,101.7,10.25,6.118,742.9,31277.4,31.41,0.61,0,48920.8,0.45,0.12,0.28,2.95,11.9,0.61,60.65689,-145.89091,104.0,104.8,49700.9,31799,-0.6,32,24.7,0,16.951,0,16.609,24.207,24.8,0
04/11/2025,12:10:21 AM,0,SBO1,101.4,10.23,6.116,742.9,31279.7,31.42,0.61,0,48926.4,0.48,0.12,0.34,2.95,11.9,0.76,60.65689,-145.89091,103.8,104.5,49706.5,31802,-0.1,32,24.7,0,16.992,0,16.653,24.272,24.8,0
04/11/2025,12:10:22 AM,0,SBO1,101.3,10.21,6.114,742.6,31283.6,31.42,0.59,0,48935.5,0.50,0.13,0.28,2.95,11.9,0.60,60.65689,-145.89091,103.6,104.3,49715.7,31808,0.2,32,24.7,0,17.179,0,16.713,24.358,24.8,0
04/11/2025,12:10:23 AM,0,SBO1,101.1,10.19,6.111,743.0,31289.8,31.43,0.59,0,48949.7,0.50,0.13,0.29,2.95,11.9,0.62,60.65689,-145.89091,103.4,104.1,49730.0,31817,0.3,32,24.7,0,17.264,0,16.764,24.433,24.8,0
04/11/2025,12:10:27 AM,0,SBO1,100.1,10.09,6.103,742.7,31307.3,31.46,0.59,0,48989.1,0.48,0.12,0.24,2.95,11.9,0.50,60.65689,-145.89093,102.4,103.1,49769.6,31843,-0.2,32,24.7,0,17.652,0,17.729,25.840,24.9,0
04/11/2025,12:10:28 AM,0,SBO1,99.9,10.07,6.101,742.8,31311.8,31.47,0.58,0,48999.3,0.44,0.11,0.21,2.95,11.9,0.41,60.65689,-145.89091,102.2,102.9,49779.9,31850,0.0,32,24.8,0,17.796,0,17.835,25.995,24.9,0
04/11/2025,12:10:29 AM,0,SBO1,99.5,10.04,6.099,742.9,31314.9,31.47,0.60,0,49006.6,0.43,0.11,0.24,2.95,11.9,0.48,60.65690,-145.89093,101.8,102.5,49787.2,31854,0.2,32,24.8,0,17.872,0,17.845,26.010,24.9,0
04/11/2025,12:10:32 AM,0,SBO1,98.8,9.96,6.097,742.6,31320.4,31.48,0.60,0,49018.1,0.37,0.09,0.17,2.95,11.9,0.31,60.65689,-145.89091,101.1,101.8,49798.8,31862,0.6,32,24.8,0,18.078,0,17.929,26.133,24.9,0
04/11/2025,12:10:34 AM,0,SBO1,98.2,9.90,6.095,742.9,31323.5,31.49,0.61,0,49025.6,0.31,0.08,0.20,2.95,11.9,0.39,60.65689,-145.89091,100.4,101.1,49806.4,31867,0.7,32,24.8,0,18.394,0,18.067,26.334,24.9,0
04/11/2025,12:10:35 AM,0,SBO1,97.9,9.87,6.095,742.5,31324.2,31.49,0.61,0,49027.4,0.30,0.08,0.23,2.95,11.9,0.46,60.65689,-145.89091,100.2,100.9,49808.1,31868,0.7,32,24.8,0,18.485,0,18.133,26.430,24.9,0
04/11/2025,12:10:36 AM,0,SBO1,97.6,9.84,6.095,742.8,31324.6,31.49,0.60,0,49028.2,0.29,0.07,0.22,2.95,11.9,0.44,60.65689,-145.89091,99.9,100.6,49808.9,31868,1.1,32,24.8,0,18.578,0,18.192,26.516,24.9,0
04/11/2025,12:10:37 AM,0,SBO1,97.3,9.82,6.095,742.7,31324.6,31.49,0.60,0,49028.4,0.26,0.07,0.21,2.95,11.9,0.42,60.65689,-145.89091,99.6,100.3,49809.2,31868,0.8,32,24.8,0,18.669,0,18.247,26.596,24.9,0
04/11/2025,12:10:38 AM,0,SBO1,97.1,9.79,6.094,742.7,31324.7,31.49,0.61,0,49028.7,0.27,0.07,0.21,2.95,11.9,0.42,60.65689,-145.89091,99.3,100.0,49809.5,31869,0.8,32,24.8,0,18.801,0,18.312,26.690,24.9,0
04/11/2025,12:10:39 AM,0,SBO1,96.7,9.75,6.094,742.8,31325.0,31.49,0.61,0,49029.8,0.33,0.09,0.22,2.95,11.9,0.44,60.65689,-145.89091,98.9,99.6,49810.5,31869,0.3,32,24.8,0,18.868,0,18.365,26.768,24.9,0
04/11/2025,12:10:40 AM,0,SBO1,96.5,9.73,6.094,742.7,31325.6,31.49,0.60,0,49031.1,0.32,0.08,0.21,2.95,11.9,0.41,60.65689,-145.89091,98.7,99.4,49811.8,31870,0.2,32,24.8,0,18.979,0,18.414,26.839,24.9,0
04/11/2025,12:10:41 AM,0,SBO1,96.3,9.71,6.094,742.7,31325.2,31.49,0.62,0,49030.9,0.37,0.09,0.22,2.95,11.9,0.45,60.65689,-145.89093,98.5,99.2,49811.6,31870,0.0,32,24.8,0,19.118,0,19.190,27.971,24.9,0
04/11/2025,12:10:42 AM,0,SBO1,96.1,9.69,6.093,742.8,31325.5,31.49,0.62,0,49031.8,0.36,0.09,0.23,2.95,11.9,0.48,60.65689,-145.89093,98.3,99.0,49812.5,31871,0.1,32,24.8,0,19.369,0,19.471,28.380,24.9,0
04/11/2025,12:10:43 AM,0,SBO1,95.9,9.67,6.093,742.7,31325.0,31.49,0.62,0,49031.3,0.40,0.10,0.24,2.95,11.9,0.51,60.65690,-145.89093,98.1,98.8,49812.0,31870,0.5,32,24.8,0,19.599,0,19.712,28.732,24.9,0
04/11/2025,12:10:44 AM,0,SBO1,95.7,9.65,6.093,742.9,31325.1,31.49,0.62,0,49031.9,0.40,0.10,0.27,2.95,11.9,0.57,60.65690,-145.89091,97.9,98.6,49812.6,31871,1.0,32,24.8,0,19.726,0,19.735,28.765,24.9,0
04/11/2025,12:10:45 AM,0,SBO1,95.5,9.63,6.093,742.5,31325.3,31.49,0.62,0,49032.3,0.40,0.10,0.27,2.95,11.9,0.58,60.65690,-145.89091,97.7,98.4,49813.0,31871,1.1,32,24.8,0,19.863,0,19.792,28.848,24.9,0
04/11/2025,12:10:46 AM,0,SBO1,95.3,9.61,6.093,742.8,31326.2,31.49,0.63,0,49033.7,0.40,0.10,0.28,2.95,11.9,0.61,60.65690,-145.89091,97.5,98.2,49814.4,31872,0.5,32,24.8,0,20.006,0,19.858,28.945,24.9,0
04/11/2025,12:10:47 AM,0,SBO1,95.1,9.59,6.093,742.7,31327.2,31.49,0.64,0,49035.4,0.41,0.11,0.30,2.95,11.9,0.66,60.65689,-145.89091,97.3,98.0,49816.2,31873,-0.2,32,24.8,0,20.161,0,19.938,29.060,24.9,0
04/11/2025,12:10:48 AM,0,SBO1,95.0,9.58,6.093,742.9,31327.5,31.49,0.64,0,49035.9,0.38,0.10,0.30,2.95,11.9,0.66,60.65689,-145.89090,97.2,97.9,49816.6,31873,-0.2,32,24.8,0,20.311,0,19.988,29.133,24.9,0
04/11/2025,12:10:51 AM,0,SBO1,94.6,9.54,6.092,742.7,31328.9,31.49,0.66,0,49038.9,0.33,0.08,0.31,2.95,11.9,0.69,60.65689,-145.89088,96.8,97.5,49819.7,31875,-0.6,32,24.8,0,20.825,0,20.263,29.535,24.9,0
04/11/2025,12:10:52 AM,0,SBO1,94.5,9.52,6.092,742.9,31329.5,31.49,0.68,0,49040.3,0.33,0.08,0.27,2.95,11.9,0.59,60.65689,-145.89088,96.6,97.3,49821.1,31876,-0.2,32,24.8,0,21.021,0,21.116,30.779,24.9,0
04/11/2025,12:10:54 AM,0,SBO1,94.1,9.49,6.091,742.8,31331.0,31.50,0.66,0,49043.2,0.35,0.09,0.22,2.95,11.9,0.43,60.65689,-145.89087,96.3,96.9,49824.1,31878,-0.9,32,24.8,0,21.236,0,21.266,30.997,24.9,0
04/11/2025,12:10:55 AM,0,SBO1,94.0,9.47,6.091,742.8,31332.3,31.50,0.66,0,49045.4,0.38,0.10,0.21,2.95,11.9,0.41,60.65690,-145.89088,96.1,96.8,49826.2,31880,-0.8,32,24.8,0,21.361,0,21.313,31.066,24.9,0
04/11/2025,12:10:56 AM,0,SBO1,93.8,9.46,6.091,742.7,31333.0,31.50,0.65,0,49047.0,0.39,0.10,0.23,2.95,11.9,0.47,60.65689,-145.89088,96.0,96.6,49827.8,31881,-0.4,32,24.8,0,21.537,0,21.428,31.233,24.9,0
04/11/2025,12:10:57 AM,0,SBO1,93.7,9.45,6.091,742.6,31333.7,31.50,0.66,0,49048.5,0.40,0.10,0.23,2.95,11.9,0.46,60.65689,-145.89088,95.9,96.5,49829.4,31882,0.2,32,24.8,0,21.687,0,21.537,31.393,24.9,0
04/11/2025,12:10:58 AM,0,SBO1,93.5,9.43,6.090,742.8,31334.5,31.50,0.66,0,49050.4,0.38,0.10,0.22,2.95,11.9,0.45,60.65690,-145.89088,95.7,96.4,49831.3,31883,0.3,32,24.8,0,21.826,0,21.635,31.535,24.9,0
04/11/2025,12:10:59 AM,0,SBO1,93.4,9.42,6.090,743.0,31334.6,31.50,0.65,0,49051.2,0.44,0.11,0.24,2.95,11.9,0.51,60.65690,-145.89088,95.6,96.2,49832.1,31883,-0.1,32,24.8,0,22.097,0,21.764,31.723,24.9,0
04/11/2025,12:11:00 AM,0,SBO1,93.3,9.41,6.089,742.9,31334.5,31.50,0.65,0,49051.8,0.45,0.12,0.23,2.95,11.9,0.47,60.65689,-145.89090,95.4,96.1,49832.6,31884,-0.5,32,24.8,0,22.187,0,21.815,31.797,24.9,0
04/11/2025,12:11:01 AM,0,SBO1,93.2,9.39,6.089,742.3,31335.3,31.50,0.64,0,49053.4,0.42,0.11,0.23,2.95,11.9,0.47,60.65689,-145.89090,95.4,96.0,49834.3,31885,-0.4,32,24.8,0,22.314,0,21.925,31.958,24.9,0
04/11/2025,12:11:02 AM,0,SBO1,93.1,9.39,6.089,742.6,31335.5,31.50,0.64,0,49053.8,0.43,0.11,0.23,2.95,11.9,0.48,60.65689,-145.89090,95.3,95.9,49834.7,31885,0.2,32,24.8,0,22.328,0,21.948,31.991,24.9,0
04/11/2025,12:11:03 AM,0,SBO1,93.0,9.38,6.089,742.8,31336.0,31.50,0.65,0,49055.1,0.42,0.11,0.23,2.95,11.9,0.46,60.65689,-145.89090,95.1,95.8,49836.0,31886,0.7,32,24.8,0,22.486,0,22.019,32.095,24.9,0
04/11/2025,12:11:04 AM,0,SBO1,92.9,9.36,6.088,742.5,31335.9,31.50,0.65,0,49055.3,0.42,0.11,0.23,2.95,11.9,0.45,60.65690,-145.89088,95.1,95.7,49836.1,31886,1.4,32,24.8,0,22.536,0,22.076,32.178,24.9,0
04/11/2025,12:11:05 AM,0,SBO1,92.8,9.36,6.088,742.7,31336.3,31.50,0.66,0,49056.1,0.41,0.10,0.22,2.95,11.9,0.45,60.65690,-145.89088,94.9,95.6,49836.9,31886,1.8,32,24.8,0,22.581,0,22.122,32.245,24.9,0
04/11/2025,12:11:06 AM,0,SBO1,92.7,9.34,6.088,742.9,31336.3,31.50,0.66,0,49056.3,0.40,0.10,0.22,2.95,11.9,0.45,60.65690,-145.89088,94.8,95.5,49837.2,31887,1.8,32,24.8,0,22.657,0,22.168,32.312,24.9,0
04/11/2025,12:11:09 AM,0,SBO1,92.4,9.32,6.088,742.3,31336.5,31.50,0.68,0,49057.4,0.44,0.11,0.28,2.95,11.9,0.60,60.65690,-145.89088,94.6,95.2,49838.3,31887,1.3,32,24.8,0,23.075,0,23.108,33.682,24.9,0
04/11/2025,12:11:10 AM,0,SBO1,92.3,9.31,6.088,742.6,31336.4,31.50,0.69,0,49057.2,0.46,0.12,0.33,2.95,11.9,0.74,60.65690,-145.89088,94.4,95.1,49838.0,31887,1.5,32,24.8,0,23.194,0,23.292,33.951,24.9,0
04/11/2025,12:11:11 AM,0,SBO1,92.2,9.30,6.088,742.9,31336.7,31.50,0.69,0,49057.4,0.42,0.11,0.34,2.95,11.9,0.77,60.65690,-145.89088,94.3,95.0,49838.3,31887,1.9,32,24.8,0,23.393,0,23.454,34.186,24.9,0
04/11/2025,12:11:12 AM,0,SBO1,92.1,9.29,6.088,742.6,31336.5,31.50,0.69,0,49056.7,0.48,0.12,0.43,2.95,11.9,1.00,60.65690,-145.89088,94.3,94.9,49837.6,31887,2.0,32,24.8,0,23.545,0,23.487,34.235,24.9,0
04/11/2025,12:11:15 AM,0,SBO1,91.9,9.26,6.089,742.7,31337.5,31.50,0.72,0,49056.9,0.50,0.13,0.40,2.96,11.9,0.92,60.65690,-145.89088,94.0,94.7,49837.8,31887,3.0,32,24.8,0,23.867,0,23.689,34.529,24.9,0
04/11/2025,12:11:16 AM,0,SBO1,91.8,9.26,6.089,742.6,31337.7,31.50,0.72,0,49056.7,0.50,0.13,0.40,2.96,11.9,0.92,60.65690,-145.89088,94.0,94.6,49837.7,31887,4.0,32,24.8,0,23.893,0,23.731,34.590,24.9,0
04/11/2025,12:11:17 AM,0,SBO1,91.7,9.25,6.090,742.8,31337.9,31.50,0.70,0,49056.4,0.42,0.11,0.39,2.96,11.9,0.90,60.65690,-145.89088,93.9,94.5,49837.4,31887,4.0,32,24.8,0,23.986,0,23.764,34.638,24.9,0
04/11/2025,12:11:18 AM,0,SBO1,91.6,9.24,6.090,742.3,31338.9,31.50,0.70,0,49057.4,0.43,0.11,0.36,2.96,11.9,0.82,60.65690,-145.89088,93.8,94.4,49838.4,31887,3.4,32,24.8,0,24.104,0,23.808,34.702,24.9,0
04/11/2025,12:11:19 AM,0,SBO1,91.6,9.23,6.091,742.5,31339.3,31.50,0.70,0,49057.4,0.48,0.13,0.39,2.96,11.9,0.89,60.65689,-145.89090,93.7,94.3,49838.4,31887,2.2,32,24.8,0,24.200,0,23.861,34.780,24.9,0
04/11/2025,12:11:20 AM,0,SBO1,91.5,9.23,6.091,742.6,31339.5,31.50,0.69,0,49057.3,0.51,0.13,0.41,2.96,11.9,0.96,60.65689,-145.89090,93.7,94.3,49838.3,31887,1.6,32,24.8,0,24.226,0,23.901,34.837,24.9,0
04/11/2025,12:11:21 AM,0,SBO1,91.5,9.22,6.091,742.6,31340.7,31.51,0.67,0,49058.3,0.51,0.13,0.41,2.96,11.9,0.95,60.65689,-145.89090,93.6,94.2,49839.3,31888,1.5,32,24.8,0,24.308,0,23.935,34.888,24.9,0
04/11/2025,12:11:24 AM,0,SBO1,91.2,9.20,6.093,742.8,31343.0,31.51,0.64,0,49060.0,0.54,0.14,0.43,2.96,11.9,1.01,60.65689,-145.89090,93.3,94.0,49841.2,31889,2.4,32,24.8,0,24.469,0,24.047,35.051,24.9,0
04/11/2025,12:11:25 AM,0,SBO1,91.1,9.19,6.093,742.7,31344.3,31.51,0.62,0,49061.5,0.57,0.15,0.47,2.96,11.9,1.11,60.65689,-145.89090,93.2,93.8,49842.7,31890,2.2,32,24.8,0,24.658,0,24.104,35.134,24.9,0
04/11/2025,12:11:26 AM,0,SBO1,91.1,9.18,6.093,742.6,31345.2,31.51,0.62,0,49062.6,0.57,0.15,0.47,2.96,11.9,1.11,60.65689,-145.89090,93.2,93.8,49843.8,31891,1.8,32,24.8,0,24.681,0,24.119,35.156,24.9,0
04/11/2025,12:11:27 AM,0,SBO1,91.0,9.17,6.094,742.6,31346.3,31.51,0.63,0,49063.7,0.58,0.15,0.44,2.96,11.9,1.04,60.65689,-145.89090,93.1,93.7,49845.0,31891,2.1,32,24.8,0,24.817,0,24.897,36.290,25.0,0
04/11/2025,12:11:28 AM,0,SBO1,90.9,9.16,6.094,742.6,31347.0,31.51,0.64,0,49064.5,0.57,0.15,0.40,2.96,11.9,0.93,60.65689,-145.89090,93.0,93.6,49845.7,31892,2.0,32,24.8,0,24.901,0,24.948,36.364,25.0,0
04/11/2025,12:11:29 AM,0,SBO1,90.8,9.15,6.094,742.6,31347.7,31.51,0.63,0,49065.2,0.56,0.14,0.38,2.96,11.9,0.86,60.65689,-145.89091,92.9,93.5,49846.5,31892,2.0,32,24.8,0,25.027,0,25.074,36.548,25.0,0
04/11/2025,12:11:30 AM,0,SBO1,90.7,9.15,6.094,742.6,31348.7,31.51,0.64,0,49066.6,0.54,0.14,0.38,2.96,11.9,0.87,60.65689,-145.89090,92.8,93.5,49848.0,31893,2.0,32,24.8,0,25.132,0,25.203,36.735,25.0,0
04/11/2025,12:11:33 AM,0,SBO1,90.4,9.12,6.094,742.6,31351.0,31.51,0.62,0,49070.0,0.47,0.12,0.41,2.96,11.9,0.95,60.65688,-145.89090,92.5,93.2,49851.4,31896,1.8,32,24.8,0,25.515,0,25.344,36.942,25.0,0
04/11/2025,12:11:34 AM,0,SBO1,90.3,9.10,6.095,742.6,31352.2,31.51,0.63,0,49071.8,0.46,0.12,0.45,2.96,11.9,1.06,60.65689,-145.89090,92.4,93.0,49853.2,31897,1.5,32,24.8,0,25.675,0,25.419,37.051,25.0,0
04/11/2025,12:11:35 AM,0,SBO1,90.2,9.09,6.095,742.9,31353.2,31.52,0.63,0,49073.2,0.47,0.12,0.47,2.96,11.9,1.12,60.65689,-145.89090,92.3,92.9,49854.7,31898,1.8,32,24.8,0,25.814,0,25.520,37.198,25.0,0
04/11/2025,12:11:36 AM,0,SBO1,90.1,9.08,6.095,743.0,31354.1,31.52,0.64,0,49074.6,0.46,0.12,0.46,2.96,11.9,1.10,60.65689,-145.89090,92.1,92.8,49856.1,31898,1.4,32,24.8,0,25.944,0,25.584,37.292,25.0,0
04/11/2025,12:11:39 AM,0,SBO1,89.8,9.05,6.095,742.6,31356.0,31.52,0.67,0,49077.3,0.42,0.11,0.42,2.96,11.9,0.99,60.65689,-145.89090,91.9,92.5,49858.8,31900,0.8,32,24.8,0,26.148,0,25.786,37.586,25.0,0
04/11/2025,12:11:40 AM,0,SBO1,89.7,9.05,6.095,742.6,31356.2,31.52,0.68,0,49077.7,0.39,0.10,0.41,2.96,11.9,0.95,60.65689,-145.89090,91.8,92.5,49859.2,31900,0.9,32,24.8,0,26.158,0,25.808,37.618,25.0,0
04/11/2025,12:11:41 AM,0,SBO1,89.6,9.04,6.095,742.8,31356.8,31.52,0.67,0,49078.6,0.36,0.09,0.41,2.96,11.9,0.96,60.65689,-145.89088,91.7,92.4,49860.1,31901,1.6,32,24.8,0,26.251,0,25.847,37.676,25.0,0
04/11/2025,12:11:42 AM,0,SBO1,89.6,9.03,6.095,742.8,31357.3,31.52,0.66,0,49079.3,0.40,0.10,0.44,2.96,11.9,1.04,60.65689,-145.89088,91.6,92.3,49860.9,31902,1.2,32,24.8,0,26.335,0,25.886,37.732,25.0,0
04/11/2025,12:11:43 AM,0,SBO1,89.5,9.02,6.095,742.7,31357.9,31.52,0.66,0,49080.0,0.39,0.10,0.41,2.96,11.9,0.95,60.65689,-145.89088,91.5,92.2,49861.6,31902,1.2,32,24.8,0,26.352,0,25.922,37.785,25.0,0
04/11/2025,12:11:44 AM,0,SBO1,89.4,9.01,6.095,742.7,31358.3,31.52,0.65,0,49080.5,0.34,0.09,0.37,2.96,11.9,0.86,60.65689,-145.89088,91.4,92.1,49862.1,31902,1.3,32,24.8,0,26.443,0,25.964,37.845,25.0,0
04/11/2025,12:11:45 AM,0,SBO1,89.3,9.00,6.095,743.0,31359.0,31.52,0.66,0,49081.6,0.36,0.09,0.36,2.96,11.9,0.82,60.65689,-145.89088,91.3,92.0,49863.2,31903,0.8,32,24.8,0,26.630,0,26.724,38.954,25.0,0
04/11/2025,12:11:46 AM,0,SBO1,89.2,8.99,6.095,742.6,31359.6,31.52,0.66,0,49082.3,0.33,0.08,0.33,2.95,11.9,0.74,60.65689,-145.89088,91.3,91.9,49863.9,31903,0.5,32,24.8,0,26.809,0,26.878,39.179,25.0,0
04/11/2025,12:11:47 AM,0,SBO1,89.1,8.98,6.095,742.7,31360.0,31.52,0.65,0,49082.8,0.28,0.07,0.34,2.95,11.9,0.76,60.65689,-145.89088,91.2,91.8,49864.4,31904,0.5,32,24.8,0,26.986,0,27.091,39.489,25.0,0
04/11/2025,12:11:48 AM,0,SBO1,89.0,8.98,6.096,742.9,31360.3,31.52,0.66,0,49083.0,0.27,0.07,0.33,2.95,11.9,0.75,60.65690,-145.89087,91.1,91.7,49864.6,31904,0.7,32,24.8,0,27.152,0,27.220,39.677,25.0,0
04/11/2025,12:11:49 AM,0,SBO1,88.9,8.96,6.096,742.7,31360.6,31.52,0.66,0,49083.1,0.33,0.08,0.34,2.95,11.9,0.76,60.65690,-145.89087,91.0,91.6,49864.8,31904,0.6,32,24.8,0,27.275,0,27.236,39.700,25.0,0
04/11/2025,12:11:50 AM,0,SBO1,88.9,8.96,6.096,742.7,31360.6,31.52,0.65,0,49082.8,0.31,0.08,0.32,2.95,11.9,0.71,60.65690,-145.89087,91.0,91.6,49864.5,31904,0.9,32,24.8,0,27.327,0,27.254,39.726,25.0,0
04/11/2025,12:11:51 AM,0,SBO1,88.8,8.95,6.096,742.8,31361.1,31.52,0.64,0,49083.1,0.34,0.09,0.30,2.95,11.9,0.66,60.65690,-145.89088,90.9,91.5,49864.8,31904,1.1,32,24.8,0,27.394,0,27.308,39.804,25.0,0
04/11/2025,12:11:52 AM,0,SBO1,88.7,8.95,6.097,742.9,31362.3,31.52,0.64,0,49084.3,0.36,0.09,0.32,2.95,11.9,0.71,60.65690,-145.89087,90.8,91.4,49866.0,31905,1.5,32,24.8,0,27.570,0,27.367,39.891,25.0,0
04/11/2025,12:11:53 AM,0,SBO1,88.7,8.94,6.098,742.8,31363.5,31.52,0.65,0,49084.6,0.35,0.09,0.29,2.95,11.9,0.64,60.65691,-145.89087,90.7,91.3,49866.3,31905,2.2,32,24.8,0,27.747,0,27.437,39.993,25.0,0
04/11/2025,12:11:54 AM,0,SBO1,88.6,8.93,6.099,742.8,31364.8,31.52,0.65,0,49084.9,0.38,0.10,0.30,2.95,11.9,0.65,60.65691,-145.89087,90.7,91.3,49866.8,31905,3.3,32,24.8,0,27.861,0,27.507,40.095,25.0,0
04/11/2025,12:11:58 AM,0,SBO1,88.2,8.89,6.105,742.7,31373.5,31.53,0.67,0,49090.4,0.43,0.11,0.32,2.96,11.9,0.72,60.65691,-145.89085,90.3,90.9,49872.6,31909,4.2,32,24.8,0,28.525,0,28.579,41.658,25.0,0
04/11/2025,12:11:59 AM,0,SBO1,88.1,8.88,6.106,742.6,31375.8,31.53,0.67,0,49091.6,0.42,0.11,0.32,2.96,11.9,0.70,60.65692,-145.89085,90.1,90.7,49873.9,31910,4.2,32,24.8,0,28.628,0,28.694,41.825,25.0,0
04/11/2025,12:12:00 AM,0,SBO1,88.0,8.86,6.108,742.8,31378.1,31.53,0.68,0,49093.1,0.41,0.11,0.31,2.96,11.9,0.68,60.65692,-145.89085,90.0,90.6,49875.5,31911,4.5,32,24.8,0,28.876,0,28.829,42.022,25.0,0
04/11/2025,12:12:04 AM,0,SBO1,87.3,8.80,6.113,742.8,31390.7,31.54,0.72,0,49104.8,0.42,0.11,0.28,2.96,11.9,0.61,60.65693,-145.89085,89.4,90.0,49887.7,31918,5.8,32,24.8,0,29.605,0,29.332,42.756,25.0,0
04/11/2025,12:12:05 AM,0,SBO1,87.1,8.78,6.114,742.8,31393.3,31.54,0.74,0,49107.5,0.41,0.11,0.31,2.96,11.9,0.70,60.65693,-145.89085,89.2,89.8,49890.4,31920,5.9,32,24.8,0,29.823,0,29.422,42.887,25.0,0
04/11/2025,12:12:06 AM,0,SBO1,87.0,8.76,6.114,742.8,31395.7,31.54,0.74,0,49110.4,0.35,0.09,0.32,2.96,11.9,0.73,60.65693,-145.89084,89.0,89.6,49893.5,31922,7.4,32,24.8,0,30.026,0,29.515,43.022,25.0,0
04/11/2025,12:12:07 AM,0,SBO1,86.7,8.74,6.115,742.9,31398.0,31.54,0.74,0,49113.5,0.39,0.10,0.32,2.96,11.9,0.72,60.65693,-145.89084,88.7,89.4,49896.6,31924,9.4,32,24.8,0,30.159,0,29.605,43.154,25.0,0
04/11/2025,12:12:08 AM,0,SBO1,86.6,8.72,6.115,742.8,31399.1,31.55,0.75,0,49114.7,0.40,0.10,0.31,2.96,11.9,0.69,60.65693,-145.89084,88.6,89.2,49897.8,31925,10.3,32,24.8,0,30.318,0,30.436,44.365,25.0,0
04/11/2025,12:12:09 AM,0,SBO1,86.3,8.70,6.115,742.8,31400.4,31.55,0.74,0,49116.5,0.40,0.10,0.29,2.96,11.9,0.64,60.65693,-145.89084,88.3,89.0,49899.6,31926,11.3,32,24.8,0,30.471,0,30.533,44.507,25.0,0
04/11/2025,12:12:10 AM,0,SBO1,86.2,8.68,6.116,742.7,31402.5,31.55,0.76,0,49119.5,0.42,0.11,0.28,2.96,11.9,0.59,60.65694,-145.89084,88.2,88.8,49902.7,31928,12.0,32,24.8,0,30.636,0,30.707,44.761,25.0,0
04/11/2025,12:12:12 AM,0,SBO1,85.8,8.64,6.116,742.9,31404.4,31.55,0.77,0,49122.1,0.42,0.11,0.24,2.96,11.9,0.50,60.65694,-145.89085,87.8,88.4,49905.4,31929,12.5,32,24.8,0,30.920,0,30.919,45.069,25.0,0
04/11/2025,12:12:13 AM,0,SBO1,85.5,8.61,6.116,742.7,31405.4,31.55,0.78,0,49123.4,0.37,0.09,0.24,2.96,11.9,0.49,60.65694,-145.89085,87.5,88.1,49906.7,31930,12.2,32,24.8,0,31.215,0,31.036,45.241,25.0,0
04/11/2025,12:12:14 AM,0,SBO1,85.4,8.61,6.116,742.5,31406.1,31.55,0.78,0,49124.5,0.33,0.08,0.23,2.96,11.9,0.46,60.65694,-145.89084,87.4,88.0,49907.8,31931,12.4,32,24.8,0,31.338,0,31.108,45.344,25.0,0
04/11/2025,12:12:15 AM,0,SBO1,85.2,8.59,6.116,742.7,31407.0,31.55,0.77,0,49125.6,0.31,0.08,0.24,2.96,11.9,0.49,60.65693,-145.89085,87.2,87.8,49909.0,31932,12.2,32,24.8,0,31.504,0,31.206,45.488,25.0,0
04/11/2025,12:12:16 AM,0,SBO1,85.1,8.57,6.116,742.9,31407.6,31.55,0.78,0,49126.3,0.34,0.09,0.22,2.96,11.9,0.45,60.65693,-145.89085,87.0,87.6,49909.7,31932,12.0,32,24.8,0,31.684,0,31.306,45.633,25.0,0
04/11/2025,12:12:17 AM,0,SBO1,84.9,8.55,6.117,742.6,31408.1,31.55,0.78,0,49126.9,0.36,0.09,0.21,2.96,11.9,0.40,60.65693,-145.89085,86.9,87.5,49910.3,31933,12.2,32,24.8,0,31.815,0,31.411,45.786,25.0,0
04/11/2025,12:12:18 AM,0,SBO1,84.8,8.54,6.117,742.7,31408.6,31.55,0.77,0,49127.6,0.33,0.08,0.21,2.96,11.9,0.41,60.65693,-145.89085,86.7,87.3,49911.0,31933,12.4,32,24.8,0,31.803,0,31.470,45.873,25.0,0
04/11/2025,12:12:20 AM,0,SBO1,84.5,8.51,6.117,742.7,31408.9,31.55,0.78,0,49127.7,0.33,0.08,0.22,2.96,11.9,0.43,60.65693,-145.89084,86.5,87.1,49911.1,31933,12.2,32,24.8,0,31.747,0,31.531,45.962,25.0,0
04/11/2025,12:12:22 AM,0,SBO1,84.2,8.48,6.117,742.7,31410.3,31.56,0.80,0,49129.6,0.34,0.09,0.25,2.96,11.9,0.52,60.65693,-145.89085,86.1,86.7,49913.1,31934,12.1,32,24.8,0,32.065,0,31.636,46.115,25.0,0
04/11/2025,12:12:23 AM,0,SBO1,84.0,8.47,6.117,742.7,31410.6,31.56,0.80,0,49129.9,0.35,0.09,0.23,2.96,11.9,0.45,60.65693,-145.89085,86.0,86.6,49913.4,31934,11.4,32,24.8,0,32.106,0,31.674,46.170,25.0,0
04/11/2025,12:12:24 AM,0,SBO1,83.9,8.45,6.117,742.9,31411.3,31.56,0.81,0,49130.7,0.42,0.11,0.22,2.96,11.9,0.45,60.65693,-145.89085,85.8,86.4,49914.2,31935,11.4,32,24.8,0,32.098,0,31.707,46.218,25.0,0
