Kor MEASUREMENT DATA FILE EXPORT,,,,,,,,,,,,,,,,,,,,,,,,,,,,,,,,,,
,,,,,,,,,,,,,,,,,,,,,,,,,,,,,,,,,,
FILE CREATED:  ,10/22/2024 10:45:22AM,,,,,,,,,,,,,,,,,,,,,,,,,,,,,,,,,
,,,,,,,,,,,,,,,,,,,,,,,,,,,,,,,,,,
,,,MEAN VALUE:,91.7615,8.7209,8.929,761.3164,32899.8169,30.6436,3.946,0,47470.7939,3.737,0.9557,2.2108,6.0596,11.9,6.1797,60.5628,-145.9602,91.6033,93.5817,48306.8394,30856.0188,-10.6122,30.1784,23.7183,0,0,7.4344,7.3385,10.6853,23.7676,
,,,STANDARD DEVIATION:,1.9603,0.2268,0.2136,0.1646,281.7097,0.1056,16.4527,0,128.0142,4.3358,1.0669,3.5329,0.002,0,9.6255,0,0.0002,1.9548,1.9962,132.5693,83.1932,4.2333,0.3829,0.0573,0,0,3.8546,3.872,5.6384,0.0813,
,,,,,,,,,,,,,,,,,,,,,,,,,,,,,,,,,,
,,,INSTRUMENT NAME:,,,,,,,,,,,,,,,,,,,,,,,,,,,,,,,
,,,SENSOR SERIAL NUMBER:,23G100668,23G100668,24F100920,23H106348,24F100920,24F100920,23H105114,23H105114,24F100920,24H102255,24H102255,24H102255,23J102724,23J102724,24H102255,23H106348,23H106348,23G100668,23G100668,24F100920,24F100920,23H106348,24F100920,24F100920,24H102255,24H102255,23H102976,23H102976,23H102976,24F100920,
Date (MM/DD/YYYY),Time (hh:mm:ss tt),Time (Fract. Sec),Site Name,DO ( % Sat ),DO ( mg/L ),Temp ( °C ),Barometer ( mmHg ),Cond ( µS/cm ),Sal ( psu ),Turbidity ( FNU ),TSS ( mg/L ),Sp Cond ( µS/cm ),Chlorophyll ( µg/L ),Chlorophyll ( RFU ),Phycoerythrin ( RFU ),Battery Power ( voltage ),Cable Power ( voltage ),Phycoerythrin ( µg/L ),GPS Latitude ( ° ),GPS Longitude ( ° ),DO ( % LocalB ),DO ( % CB ),nLFCond ( µS/cm ),TDS ( mg/L ),Altitude ( m ),Resistivity ( ohms-cm ),Water Density ( Sigma-T ),Chlorophyll ( cells/mL ),Phycoerythrin ( cells/mL ),Vertical Position ( m ),Depth ( m ),Absolute Pressure ( psi a ),Water Density ( Sigma ),Fault Code
10/21/2024,1:35:24 PM,0,ROK1,94.1,9.06,8.436,761.1,32235,30.38,2.25,0,47153.2,1.98,0.52,1.13,6.06,11.9,3.24,60.5629,-145.96046,94,96,47977.2,30650,-11.5,31,23.6,0,0,0.823,0.505,0.736,23.6,0
10/21/2024,1:35:25 PM,0,ROK1,94.1,9.05,8.435,761.1,32241.6,30.39,2.26,0,47163.3,2.18,0.57,1.15,6.06,11.9,3.29,60.5629,-145.96048,93.9,95.9,47987.5,30656,-10.9,31,23.6,0,0,0.822,0.543,0.79,23.6,0
10/21/2024,1:35:27 PM,0,ROK1,94,9.05,8.434,761.1,32248.6,30.4,2.25,0,47174.8,2.16,0.57,1.1,6.06,11.9,3.14,60.5629,-145.96048,93.9,95.9,47999.2,30664,-10.3,31,23.6,0,0,0.823,0.562,0.817,23.6,0
10/21/2024,1:35:27 PM,0,ROK1,94,9.05,8.434,761.2,32250.8,30.4,2.24,0,47178.3,2.15,0.57,1.03,6.06,11.9,2.95,60.5629,-145.96048,93.9,95.9,48002.7,30666,-10.9,31,23.6,0,0,0.821,0.584,0.85,23.6,0
10/21/2024,1:35:28 PM,0,ROK1,94,9.05,8.433,761.4,32249.1,30.4,2.21,0,47177.1,2.23,0.59,1.02,6.06,11.9,2.92,60.5629,-145.96048,93.8,95.9,48001.5,30665,-10.5,31,23.6,0,0,0.98,0.605,0.88,23.6,0
10/21/2024,1:35:29 PM,0,ROK1,94,9.05,8.43,761.2,32241.7,30.39,2.19,0,47171.3,2.46,0.64,1.01,6.06,11.9,2.92,60.5629,-145.96048,93.8,95.9,47995.5,30661,-10.5,31,23.6,0,0,1.196,0.631,0.918,23.6,0
10/21/2024,1:35:30 PM,0,ROK1,94,9.05,8.426,761.3,32236.1,30.39,2.14,0,47167,2.46,0.64,1.05,6.06,11.9,3.02,60.5629,-145.96048,93.8,95.8,47991.1,30659,-11.6,31,23.6,0,0,1.351,1.417,2.063,23.6,0
10/21/2024,1:35:31 PM,0,ROK1,94,9.04,8.424,761.1,32231.1,30.39,2.1,0,47162.9,2.4,0.63,1.03,6.06,11.9,2.96,60.56289,-145.96048,93.8,95.8,47986.9,30656,-12.1,31,23.6,0,0,1.522,1.615,2.351,23.6,0
10/21/2024,1:35:30 PM,0,ROK1,94,9.05,8.427,761.1,32226,30.38,2.04,0,47151.7,2.37,0.62,1.04,6.06,11.9,2.98,60.56289,-145.9605,93.8,95.8,47975.6,30649,-12.1,31,23.6,0,0,1.667,1.725,2.511,23.6,0
10/21/2024,1:35:31 PM,0,ROK1,94,9.05,8.429,761.2,32225.4,30.38,2.03,0,47149,2.54,0.66,1.1,6.06,11.9,3.16,60.56289,-145.96048,93.8,95.8,47972.8,30647,-12.1,31,23.6,0,0,1.715,1.725,2.511,23.6,0
10/21/2024,1:35:33 PM,0,ROK1,94.1,9.05,8.465,761.1,32256.5,30.38,1.88,0,47146.2,2.85,0.74,1.32,6.06,11.9,3.74,60.56289,-145.96046,94,96,47970.6,30645,-13.1,31,23.6,0,0,2.008,1.892,2.754,23.6,0
10/21/2024,1:35:35 PM,0,ROK1,94.1,9.05,8.483,761.1,32274.4,30.38,1.83,0,47151.4,2.89,0.75,1.44,6.06,11.9,4.07,60.56289,-145.96043,94,96,47976.1,30648,-12.2,31,23.6,0,0,2.064,1.934,2.815,23.6,0
10/21/2024,1:35:38 PM,0,ROK1,94.3,9.05,8.538,761.1,32342.8,30.41,1.64,0,47175.6,3.08,0.79,1.44,6.06,11.9,4.07,60.56288,-145.9605,94.1,96.1,48001.6,30664,-12.7,31,23.6,0,0,2.251,2.037,2.966,23.6,0
10/21/2024,1:35:38 PM,0,ROK1,94.3,9.05,8.562,761.2,32373.8,30.42,1.58,0,47190.2,3.32,0.85,1.47,6.06,11.9,4.15,60.56288,-145.96051,94.2,96.2,48016.8,30674,-12.9,31,23.6,0,0,2.315,2.07,3.013,23.6,0
10/21/2024,1:35:40 PM,0,ROK1,94.3,9.05,8.584,761.1,32405.9,30.43,1.53,0,47207.2,3.41,0.88,1.51,6.06,11.9,4.27,60.56288,-145.96051,94.2,96.2,48034.5,30685,-13.8,31,23.6,0,0,2.367,2.102,3.06,23.6,0
10/21/2024,1:35:40 PM,0,ROK1,94.4,9.05,8.609,761.2,32441.9,30.45,1.48,0,47226.7,3.28,0.84,1.46,6.06,11.9,4.12,60.56288,-145.96051,94.2,96.3,48054.7,30697,-13.4,31,23.6,0,0,2.433,2.138,3.112,23.6,0
10/21/2024,1:35:42 PM,0,ROK1,94.4,9.05,8.636,761.2,32474,30.46,1.43,0,47242.8,3.39,0.87,1.52,6.06,11.9,4.29,60.56287,-145.96053,94.3,96.3,48071.4,30708,-13.1,31,23.6,0,0,2.499,2.168,3.156,23.6,0
10/21/2024,1:35:43 PM,0,ROK1,94.4,9.04,8.659,761.2,32513,30.48,1.4,0,47264.7,3.39,0.87,1.65,6.06,11.9,4.65,60.56287,-145.96054,94.3,96.3,48094,30722,-12.7,31,23.6,0,0,2.566,2.198,3.2,23.6,0
10/21/2024,1:35:44 PM,0,ROK1,94.5,9.04,8.685,761.1,32547.4,30.49,1.38,0,47284.4,3.33,0.86,1.8,6.06,11.9,5.05,60.56286,-145.96056,94.3,96.3,48114.4,30735,-12.6,31,23.6,0,0,2.653,2.232,3.249,23.7,0
10/21/2024,1:35:44 PM,0,ROK1,94.5,9.03,8.702,761.2,32580.3,30.51,1.37,0,47305.8,3.39,0.87,1.87,6.06,11.9,5.24,60.56287,-145.96053,94.3,96.3,48136.5,30749,-12.7,31,23.7,0,0,2.736,2.272,3.307,23.7,0
10/21/2024,1:35:45 PM,0,ROK1,94.5,9.03,8.718,761.2,32601.9,30.52,1.34,0,47319.4,3.46,0.89,1.82,6.06,11.9,5.12,60.56286,-145.96056,94.3,96.3,48150.5,30758,-12.9,31,23.7,0,0,2.803,2.304,3.354,23.7,0
10/21/2024,1:35:47 PM,0,ROK1,94.5,9.03,8.728,761.2,32621.9,30.53,1.3,0,47332,3.6,0.92,1.86,6.06,11.9,5.22,60.56286,-145.96057,94.3,96.3,48163.5,30766,-12.6,31,23.7,0,0,2.891,2.338,3.404,23.7,0
10/21/2024,1:35:49 PM,0,ROK1,94.4,9.01,8.767,761.1,32675.4,30.56,1.24,0,47362,4.03,1.03,2.04,6.06,11.9,5.72,60.56287,-145.96057,94.3,96.3,48194.5,30785,-13,31,23.7,0,0,3.133,3.177,4.626,23.7,0
10/21/2024,1:35:50 PM,0,ROK1,94.4,9.01,8.78,761.2,32694,30.56,1.24,0,47369.5,3.91,1,2.12,6.06,11.9,5.94,60.56287,-145.96059,94.3,96.3,48202.3,30790,-11.2,31,23.7,0,0,3.218,3.256,4.741,23.7,0
10/21/2024,1:35:52 PM,0,ROK1,94.4,9.01,8.793,761.5,32709.8,30.57,1.22,0,47376.9,4.48,1.14,2.2,6.06,11.9,6.15,60.56287,-145.96057,94.2,96.3,48210,30795,-10.9,31,23.7,0,0,3.329,3.396,4.945,23.7,0
10/21/2024,1:35:52 PM,0,ROK1,94.4,9,8.806,761.2,32727.1,30.57,1.2,0,47385.2,4.26,1.09,2.09,6.06,11.9,5.86,60.56287,-145.96059,94.2,96.3,48218.5,30800,-10.8,31,23.7,0,0,3.43,3.427,4.99,23.7,0
10/21/2024,1:35:54 PM,0,ROK1,94.3,8.99,8.821,761.7,32749.4,30.58,1.2,0,47397.2,3.99,1.02,2,6.06,11.9,5.61,60.56287,-145.96057,94.1,96.2,48231,30808,-10.1,31,23.7,0,0,3.559,3.496,5.09,23.7,0
10/21/2024,1:35:55 PM,0,ROK1,94.3,8.99,8.824,761.7,32755.1,30.59,1.19,0,47400.3,3.76,0.96,1.99,6.06,11.9,5.58,60.56287,-145.96057,94.1,96.2,48234.2,30810,-11.6,31,23.7,0,0,3.609,3.53,5.139,23.7,0
10/21/2024,1:35:56 PM,0,ROK1,94.3,8.98,8.83,761.4,32764.5,30.59,1.16,0,47406.2,3.65,0.94,2.13,6.06,11.9,5.96,60.56288,-145.96059,94.1,96.2,48240.2,30814,-11.4,31,23.7,0,0,3.637,3.567,5.193,23.7,0
10/21/2024,1:35:58 PM,0,ROK1,94.1,8.97,8.839,761.4,32781.3,30.6,1.1,0,47418.1,4.05,1.03,2.13,6.06,11.9,5.97,60.56287,-145.96053,94,96,48252.4,30822,-9.9,31,23.7,0,0,3.915,3.662,5.332,23.7,0
10/21/2024,1:36:00 PM,0,ROK1,94.1,8.96,8.842,761.1,32785.5,30.6,1.06,0,47420.5,4.1,1.05,2.17,6.06,11.9,6.06,60.56287,-145.96053,93.9,95.9,48255,30823,-9.2,31,23.7,0,0,4.006,3.706,5.396,23.7,0
10/21/2024,1:36:00 PM,0,ROK1,94,8.95,8.843,761.1,32787.9,30.6,1.04,0,47422.3,3.72,0.95,2.1,6.06,11.9,5.87,60.56287,-145.96051,93.9,95.9,48256.8,30825,-9.6,30,23.7,0,0,4.111,3.75,5.46,23.7,0
10/21/2024,1:36:01 PM,0,ROK1,94,8.95,8.844,761.3,32790.6,30.61,1.02,0,47425.4,3.66,0.94,2.02,6.06,11.9,5.66,60.56287,-145.96051,93.8,95.8,48259.9,30827,-9.6,30,23.7,0,0,4.221,3.808,5.544,23.7,0
10/21/2024,1:36:03 PM,0,ROK1,93.9,8.94,8.844,761.1,32792.7,30.61,0.98,0,47427.9,3.46,0.89,1.93,6.06,11.9,5.41,60.56287,-145.96053,93.8,95.8,48262.5,30828,-10.1,30,23.7,0,0,4.289,3.851,5.607,23.7,0
10/21/2024,1:36:04 PM,0,ROK1,93.9,8.94,8.845,761.5,32794.6,30.61,0.94,0,47430,3.55,0.91,1.98,6.06,11.9,5.55,60.56287,-145.96053,93.7,95.7,48264.6,30830,-10.1,30,23.7,0,0,4.345,3.894,5.67,23.7,0
10/21/2024,1:36:05 PM,0,ROK1,93.8,8.93,8.844,761.2,32795.4,30.61,0.92,0,47431.4,3.76,0.96,2.05,6.06,11.9,5.73,60.56287,-145.96051,93.7,95.7,48266,30830,-10.9,30,23.7,0,0,4.44,3.935,5.729,23.7,0
10/21/2024,1:36:06 PM,0,ROK1,93.8,8.93,8.844,761.2,32796.7,30.61,0.9,0,47433.8,3.59,0.92,1.97,6.06,11.9,5.53,60.56287,-145.96051,93.6,95.6,48268.5,30832,-10.1,30,23.7,0,0,4.508,3.984,5.801,23.7,0
10/21/2024,1:36:07 PM,0,ROK1,93.7,8.93,8.844,761.1,32796.9,30.61,0.86,0,47434.2,3.43,0.88,2.14,6.06,11.9,5.99,60.56287,-145.9605,93.6,95.6,48268.9,30832,-10.8,30,23.7,0,0,4.62,4.026,5.862,23.7,0
10/21/2024,1:36:08 PM,0,ROK1,93.7,8.92,8.844,761.2,32797.3,30.61,0.84,0,47434.8,3.33,0.86,2.08,6.06,11.9,5.82,60.56287,-145.96048,93.5,95.6,48269.5,30833,-9.2,30,23.7,0,0,4.683,4.066,5.92,23.7,0
10/21/2024,1:36:09 PM,0,ROK1,93.7,8.92,8.844,761.3,32797.8,30.61,0.81,0,47435.7,3.12,0.8,1.91,6.06,11.9,5.37,60.56287,-145.9605,93.5,95.5,48270.4,30833,-9.8,30,23.7,0,0,4.764,4.791,6.975,23.7,0
10/21/2024,1:36:10 PM,0,ROK1,93.6,8.91,8.844,761.3,32798.5,30.61,0.8,0,47436.6,3.17,0.82,1.86,6.06,11.9,5.22,60.56286,-145.96048,93.5,95.5,48271.3,30834,-10.3,30,23.7,0,0,4.881,4.916,7.158,23.7,0
10/21/2024,1:36:11 PM,0,ROK1,93.6,8.91,8.844,761.2,32798.7,30.61,0.77,0,47436.6,2.97,0.77,1.81,6.06,11.9,5.09,60.56286,-145.96046,93.4,95.4,48271.4,30834,-10.2,30,23.7,0,0,4.915,4.929,7.177,23.7,0
10/21/2024,1:36:14 PM,0,ROK1,93.5,8.9,8.844,761.5,32799.4,30.61,0.72,0,47437.8,3.08,0.79,1.9,6.06,11.9,5.32,60.56286,-145.96043,93.3,95.4,48272.6,30835,-10.1,30,23.7,0,0,5.085,5.048,7.349,23.7,0
10/21/2024,1:36:15 PM,0,ROK1,93.5,8.9,8.844,761.3,32799.9,30.62,0.71,0,47438.3,3.13,0.81,1.75,6.06,11.9,4.93,60.56286,-145.96043,93.3,95.3,48273.1,30835,-10.1,30,23.7,0,0,5.083,5.063,7.372,23.7,0
10/21/2024,1:36:15 PM,0,ROK1,93.5,8.9,8.844,761.3,32800,30.62,0.69,0,47438.4,3.27,0.84,1.9,6.06,11.9,5.34,60.56286,-145.96042,93.3,95.3,48273.2,30835,-10.2,30,23.7,0,0,5.123,5.074,7.388,23.7,0
10/21/2024,1:36:17 PM,0,ROK1,93.4,8.9,8.844,761.5,32800.3,30.62,0.68,0,47439,3.54,0.91,1.96,6.06,11.9,5.49,60.56286,-145.9604,93.3,95.3,48273.8,30835,-9.2,30,23.7,0,0,5.172,5.09,7.411,23.7,0
10/21/2024,1:36:18 PM,0,ROK1,93.4,8.9,8.844,761.3,32800.5,30.62,0.66,0,47439,3.76,0.96,1.94,6.06,11.9,5.45,60.56286,-145.9604,93.3,95.3,48273.8,30835,-11.5,30,23.7,0,0,5.282,5.117,7.451,23.7,0
10/21/2024,1:36:19 PM,0,ROK1,93.4,8.9,8.845,761.4,32800.9,30.62,0.67,0,47439.2,3.77,0.96,1.96,6.06,11.9,5.49,60.56286,-145.96039,93.2,95.3,48274,30836,-10.8,30,23.7,0,0,5.348,5.147,7.493,23.7,0
10/21/2024,1:36:19 PM,0,ROK1,93.4,8.89,8.845,761.4,32801.2,30.62,0.65,0,47439.4,3.8,0.97,2.02,6.06,11.9,5.66,60.56287,-145.96037,93.2,95.3,48274.2,30836,-10.9,30,23.7,0,0,5.427,5.177,7.537,23.7,0
10/21/2024,1:36:21 PM,0,ROK1,93.4,8.89,8.845,761.4,32801.6,30.62,0.62,0,47439.7,3.94,1.01,2.18,6.06,11.9,6.1,60.56286,-145.96037,93.2,95.2,48274.5,30836,-9.4,30,23.7,0,0,5.492,5.208,7.582,23.7,0
10/21/2024,1:36:22 PM,0,ROK1,93.4,8.89,8.845,761.7,32801.7,30.62,0.65,0,47439.9,4.19,1.07,2.21,6.06,11.9,6.18,60.56287,-145.96036,93.2,95.2,48274.8,30836,-9.7,30,23.7,0,0,5.601,5.25,7.644,23.7,0
10/21/2024,1:36:23 PM,0,ROK1,93.3,8.89,8.845,761.6,32801.7,30.62,0.62,0,47440,4.11,1.05,2.19,6.06,11.9,6.11,60.56287,-145.96036,93.1,95.2,48274.8,30836,-10.1,30,23.7,0,0,5.669,5.284,7.693,23.7,0
10/21/2024,1:36:24 PM,0,ROK1,93.3,8.89,8.844,761.4,32801.9,30.62,0.63,0,47441,3.97,1.01,2.31,6.06,11.9,6.46,60.56287,-145.96034,93.1,95.2,48275.8,30837,-9.3,30,23.7,0,0,5.749,5.319,7.744,23.7,0
10/21/2024,1:36:25 PM,0,ROK1,93.3,8.88,8.844,761.4,32801.4,30.62,0.61,0,47440.9,4,1.02,2.39,6.06,11.9,6.68,60.56287,-145.96034,93.1,95.1,48275.8,30837,-10.1,30,23.7,0,0,5.857,5.355,7.796,23.7,0
10/21/2024,1:36:27 PM,0,ROK1,93.3,8.88,8.843,761.3,32800.9,30.62,0.68,0,47441.2,4.43,1.13,2.42,6.06,11.9,6.74,60.56287,-145.96024,93.1,95.1,48276,30837,-10,30,23.7,0,0,5.98,5.436,7.915,23.7,0
10/21/2024,1:36:28 PM,0,ROK1,93.2,8.88,8.843,761.5,32800.2,30.62,0.68,0,47440.5,4.41,1.12,2.39,6.06,11.9,6.67,60.56287,-145.96022,93.1,95.1,48275.3,30836,-9.8,30,23.7,0,0,6.094,6.149,8.953,23.8,0
10/21/2024,1:36:29 PM,0,ROK1,93.2,8.88,8.842,761.2,32799.7,30.62,0.68,0,47440.2,4.24,1.08,2.42,6.06,11.9,6.75,60.56288,-145.96024,93.1,95.1,48275,30836,-9.7,30,23.7,0,0,6.168,6.198,9.024,23.8,0
10/21/2024,1:36:30 PM,0,ROK1,93.2,8.87,8.842,761.2,32799.3,30.62,0.66,0,47440.7,2.01,0.53,2.59,6.06,11.9,7.21,60.56288,-145.96022,93,95,48275.5,30836,-9.7,30,23.7,0,0,6.182,6.196,9.021,23.8,0
10/21/2024,1:36:31 PM,0,ROK1,93.2,8.87,8.841,761.2,32799,30.62,0.67,0,47440.4,16.83,4.18,2.67,6.06,11.9,7.43,60.56288,-145.96022,93,95,48275.2,30836,-9.5,30,23.7,0,0,6.262,6.289,9.157,23.8,0
10/21/2024,1:36:32 PM,0,ROK1,93.2,8.87,8.841,761.2,32798.2,30.62,0.66,0,47439.8,6.65,1.67,2.84,6.06,11.9,7.88,60.56287,-145.96022,93,95,48274.6,30836,-9.6,30,23.7,0,0,6.346,6.321,9.204,23.8,0
10/21/2024,1:36:35 PM,0,ROK1,93.1,8.87,8.84,761.4,32796.8,30.61,0.77,0,47438.6,2.2,0.58,2.68,6.06,11.9,7.46,60.56287,-145.9602,93,95,48273.4,30835,-9.4,30,23.7,0,0,6.538,6.408,9.33,23.8,0
10/21/2024,1:36:36 PM,0,ROK1,93.1,8.87,8.84,761.2,32796.4,30.61,0.74,0,47438.3,2.82,0.73,2.67,6.06,11.9,7.44,60.56287,-145.9602,93,95,48273,30835,-9,30,23.7,0,0,6.616,6.467,9.417,23.8,0
10/21/2024,1:36:37 PM,0,ROK1,93.1,8.87,8.84,761.2,32796.2,30.61,0.72,0,47438,3.4,0.87,2.73,6.06,11.9,7.61,60.56287,-145.9602,93,95,48272.7,30835,-8.3,30,23.7,0,0,6.638,6.48,9.435,23.8,0
10/21/2024,1:36:40 PM,0,ROK1,93.1,8.87,8.841,761.3,32796.7,30.61,0.57,0,47438,4.56,1.16,2.48,6.06,11.9,6.91,60.56288,-145.96019,92.9,94.9,48272.8,30835,-7.4,30,23.7,0,0,6.885,6.587,9.591,23.8,0
10/21/2024,1:36:41 PM,0,ROK1,93.1,8.87,8.841,761.4,32796.8,30.61,0.52,0,47438.2,1.97,0.52,2.55,6.06,11.9,7.11,60.56287,-145.96019,92.9,94.9,48273,30835,-7.4,30,23.7,0,0,6.914,6.619,9.638,23.8,0
10/21/2024,1:36:42 PM,0,ROK1,93.1,8.86,8.841,761.2,32797.3,30.61,0.52,0,47438.5,4.09,1.04,2.61,6.06,11.9,7.25,60.56288,-145.96019,92.9,94.9,48273.3,30835,-7.7,30,23.7,0,0,7.046,6.661,9.698,23.8,0
10/21/2024,1:36:43 PM,0,ROK1,93.1,8.86,8.842,761.5,32797.9,30.61,0.57,0,47438,2.01,0.53,2.45,6.06,11.9,6.83,60.56288,-145.96019,92.9,94.9,48272.8,30835,-6.9,30,23.7,0,0,7.134,6.699,9.754,23.8,0
10/21/2024,1:36:44 PM,0,ROK1,93.1,8.86,8.843,761.3,32798.6,30.61,0.56,0,47437.8,12.56,3.13,2.66,6.06,11.9,7.41,60.56288,-145.96019,92.9,94.9,48272.6,30835,-6.8,30,23.7,0,0,7.158,6.735,9.806,23.8,0
10/21/2024,1:36:45 PM,0,ROK1,93.1,8.86,8.844,761.6,32799.9,30.61,0.57,0,47438.3,3.24,0.83,2.63,6.06,11.9,7.33,60.56287,-145.96019,92.9,94.9,48273.1,30835,-6.6,30,23.7,0,0,7.232,6.767,9.853,23.8,0
10/21/2024,1:36:46 PM,0,ROK1,93.1,8.86,8.845,761.4,32801,30.61,0.56,0,47438.9,2.57,0.67,2.49,6.06,11.9,6.95,60.56288,-145.96019,92.9,94.9,48273.7,30835,-6.2,30,23.7,0,0,7.363,6.812,9.918,23.8,0
10/21/2024,1:36:47 PM,0,ROK1,93,8.86,8.845,761.3,32802,30.62,0.57,0,47439.6,2.39,0.62,2.47,6.06,11.9,6.88,60.56288,-145.96019,92.9,94.9,48274.4,30836,-6.2,30,23.7,0,0,7.434,6.849,9.973,23.8,0
10/21/2024,1:36:48 PM,0,ROK1,93,8.86,8.846,761.4,32803.2,30.62,0.5,0,47440.8,2.44,0.64,2.33,6.06,11.9,6.5,60.56288,-145.96019,92.9,94.9,48275.6,30837,-6.2,30,23.7,0,0,7.472,6.885,10.025,23.8,0
10/21/2024,1:36:49 PM,0,ROK1,93,8.86,8.846,761.5,32803.9,30.62,0.49,0,47441.7,2.38,0.62,2.22,6.06,11.9,6.2,60.56289,-145.96019,92.8,94.9,48276.5,30837,-5.7,30,23.7,0,0,7.576,7.63,11.109,23.8,0
10/21/2024,1:36:50 PM,0,ROK1,93,8.85,8.846,761.5,32804.9,30.62,0.47,0,47443.1,2.4,0.63,2.01,6.06,11.9,5.63,60.56289,-145.96019,92.8,94.9,48278,30838,-5.4,30,23.7,0,0,7.683,7.733,11.26,23.8,0
10/21/2024,1:36:51 PM,0,ROK1,93,8.85,8.846,761.5,32805.2,30.62,0.47,0,47443.9,2.69,0.7,1.84,6.06,11.9,5.17,60.56288,-145.96017,92.8,94.8,48278.8,30839,-5.8,30,23.7,0,0,7.783,7.836,11.409,23.8,0
10/21/2024,1:36:52 PM,0,ROK1,93,8.85,8.846,761.4,32805.8,30.62,0.47,0,47444.6,2.82,0.73,1.95,6.06,11.9,5.46,60.56286,-145.96016,92.8,94.8,48279.6,30839,-6.8,30,23.7,0,0,7.826,7.834,11.406,23.8,0
10/21/2024,1:36:53 PM,0,ROK1,93,8.85,8.846,761.5,32806.2,30.62,0.47,0,47444.8,3.04,0.78,2.01,6.06,11.9,5.62,60.56285,-145.96014,92.8,94.8,48279.7,30839,-7.7,30,23.7,0,0,7.899,7.841,11.417,23.8,0
10/21/2024,1:36:56 PM,0,ROK1,92.9,8.84,8.847,761.5,32807.6,30.62,0.43,0,47445.9,3.32,0.85,2.09,6.06,11.9,5.86,60.56283,-145.96013,92.7,94.7,48280.9,30840,-8.8,30,23.7,0,0,8.191,8.021,11.679,23.8,0
10/21/2024,1:36:57 PM,0,ROK1,92.9,8.84,8.847,761.3,32807.6,30.62,0.42,0,47446.3,3.65,0.94,2.15,6.06,11.9,6.02,60.56281,-145.96013,92.7,94.7,48281.2,30840,-9.4,30,23.7,0,0,8.269,8.069,11.748,23.8,0
10/21/2024,1:36:58 PM,0,ROK1,92.8,8.84,8.846,761.3,32807,30.62,0.42,0,47446.4,4.02,1.03,2.13,6.06,11.9,5.96,60.5628,-145.96011,92.7,94.7,48281.4,30840,-9.9,30,23.7,0,0,8.399,8.12,11.822,23.8,0
10/21/2024,1:36:59 PM,0,ROK1,92.8,8.84,8.845,761.2,32806.2,30.62,0.42,0,47446.7,4.09,1.04,2.08,6.06,11.9,5.83,60.5628,-145.96011,92.7,94.7,48281.7,30840,-10.2,30,23.7,0,0,8.484,8.181,11.911,23.8,0
10/21/2024,1:37:01 PM,0,ROK1,92.8,8.83,8.843,761.5,32805.2,30.62,0.45,0,47446.7,3.53,0.91,1.97,6.06,11.9,5.51,60.5628,-145.96011,92.6,94.6,48281.7,30840,-9.9,30,23.7,0,0,8.648,8.271,12.042,23.8,0
10/21/2024,1:37:02 PM,0,ROK1,92.7,8.83,8.842,761.2,32804.3,30.62,0.44,0,47446.8,2.17,0.57,2.01,6.06,11.9,5.64,60.56279,-145.9601,92.6,94.6,48281.7,30840,-9.9,30,23.7,0,0,8.74,8.316,12.108,23.8,0
10/21/2024,1:37:03 PM,0,ROK1,92.7,8.83,8.842,761.2,32803.4,30.62,0.44,0,47446.4,1.29,0.35,1.86,6.06,11.9,5.23,60.56279,-145.9601,92.5,94.5,48281.3,30840,-9.8,30,23.7,0,0,8.826,8.369,12.186,23.8,0
10/21/2024,1:37:04 PM,0,ROK1,92.7,8.82,8.841,761.2,32802.9,30.62,0.45,0,47446.8,2.61,0.68,1.8,6.06,11.9,5.07,60.56279,-145.9601,92.5,94.5,48281.7,30840,-10,30,23.7,0,0,8.911,8.413,12.25,23.8,0
10/21/2024,1:37:05 PM,0,ROK1,92.6,8.82,8.84,761.5,32802.2,30.62,0.47,0,47446.8,2.61,0.68,1.76,6.06,11.9,4.96,60.56279,-145.9601,92.5,94.5,48281.7,30840,-9.9,30,23.7,0,0,8.977,8.454,12.309,23.8,0
10/21/2024,1:37:06 PM,0,ROK1,92.6,8.82,8.839,761.2,32801.4,30.62,0.46,0,47447.3,2.78,0.72,1.86,6.06,11.9,5.23,60.56279,-145.9601,92.5,94.5,48282.1,30841,-10.2,30,23.7,0,0,9.095,8.496,12.371,23.8,0
10/21/2024,1:37:07 PM,0,ROK1,92.6,8.82,8.839,761.5,32801.9,30.62,0.47,0,47448.1,2.8,0.72,1.88,6.06,11.9,5.28,60.5628,-145.96011,92.4,94.4,48283,30841,-9.7,30,23.7,0,0,9.182,8.55,12.449,23.8,0
10/21/2024,1:37:08 PM,0,ROK1,92.6,8.82,8.839,761.4,32802,30.62,0.47,0,47448.3,3,0.77,1.87,6.06,11.9,5.25,60.5628,-145.96011,92.4,94.4,48283.2,30841,-9.5,30,23.7,0,0,9.206,9.218,13.421,23.8,0
10/21/2024,1:37:09 PM,0,ROK1,92.6,8.82,8.839,761.4,32802.7,30.62,0.48,0,47448.9,3.13,0.81,1.93,6.06,11.9,5.42,60.5628,-145.96011,92.4,94.4,48283.8,30842,-9.5,30,23.7,0,0,9.329,9.367,13.639,23.8,0
10/21/2024,1:37:10 PM,0,ROK1,92.6,8.82,8.842,761.4,32804.3,30.62,0.49,0,47448.4,3.13,0.81,2,6.06,11.9,5.62,60.56281,-145.96011,92.4,94.4,48283.3,30841,-9.1,30,23.7,0,0,9.428,9.496,13.827,23.8,0
10/21/2024,1:37:11 PM,0,ROK1,92.6,8.81,8.845,761.6,32807.8,30.62,0.49,0,47448,2.89,0.75,1.92,6.06,11.9,5.39,60.56281,-145.96011,92.4,94.4,48282.9,30841,-9.3,30,23.7,0,0,9.52,9.543,13.894,23.8,0
10/21/2024,1:37:12 PM,0,ROK1,92.5,8.81,8.851,761.2,32811.9,30.62,0.5,0,47447.6,2.84,0.73,1.9,6.06,11.9,5.34,60.56281,-145.96011,92.4,94.4,48282.6,30841,-9.1,30,23.7,0,0,9.623,9.561,13.921,23.8,0
10/21/2024,1:37:13 PM,0,ROK1,92.5,8.81,8.858,761.2,32819,30.62,0.5,0,47447.4,2.95,0.76,1.84,6.06,11.9,5.16,60.56281,-145.96011,92.4,94.4,48282.5,30841,-8.7,30,23.7,0,0,9.709,9.598,13.975,23.8,0
10/21/2024,1:37:13 PM,0,ROK1,92.5,8.81,8.869,761.4,32827.8,30.62,0.49,0,47448.2,2.87,0.74,1.71,6.06,11.9,4.81,60.56282,-145.96013,92.4,94.4,48283.4,30841,-8.4,30,23.7,0,0,9.839,9.676,14.089,23.8,0
10/21/2024,1:37:15 PM,0,ROK1,92.5,8.8,8.879,761.3,32837.8,30.62,0.5,0,47447.5,2.87,0.74,1.65,6.06,11.9,4.64,60.56282,-145.96013,92.4,94.4,48282.8,30841,-8.4,30,23.7,0,0,9.892,9.741,14.183,23.8,0
10/21/2024,1:37:16 PM,0,ROK1,92.5,8.8,8.89,761.6,32848.1,30.62,0.48,0,47449.8,3.21,0.82,1.6,6.06,11.9,4.52,60.56282,-145.96013,92.3,94.3,48285.3,30842,-8.2,30,23.7,0,0,10.01,9.798,14.267,23.8,0
10/21/2024,1:37:17 PM,0,ROK1,92.5,8.8,8.902,761.1,32862.1,30.63,0.48,0,47452.1,2.8,0.72,1.56,6.06,11.9,4.4,60.56283,-145.96013,92.4,94.3,48287.8,30844,-7.9,30,23.7,0,0,10.13,9.849,14.34,23.8,0
10/21/2024,1:37:20 PM,0,ROK1,92.4,8.78,8.946,761.3,32908.9,30.64,0.52,0,47461.9,2.77,0.72,1.57,6.06,11.9,4.43,60.56283,-145.96013,92.3,94.3,48298.2,30850,-7.4,30,23.7,0,0,10.301,9.981,14.533,23.8,0
10/21/2024,1:37:21 PM,0,ROK1,92.4,8.78,8.961,761.5,32923.3,30.64,0.53,0,47465.9,2.77,0.72,1.48,6.06,11.9,4.2,60.56283,-145.96013,92.2,94.2,48302.4,30853,-7.7,30,23.7,0,0,10.36,10.016,14.584,23.8,0
10/21/2024,1:37:22 PM,0,ROK1,92.4,8.77,8.974,761.2,32939.3,30.65,0.55,0,47470.2,3,0.78,1.48,6.06,11.9,4.19,60.56283,-145.96013,92.2,94.2,48306.9,30856,-8.3,30,23.7,0,0,10.395,10.048,14.63,23.8,0
10/21/2024,1:37:23 PM,0,ROK1,92.3,8.76,8.986,761.2,32952.8,30.65,0.56,0,47475.6,2.91,0.75,1.47,6.06,11.9,4.16,60.56283,-145.96013,92.2,94.1,48312.5,30859,-7.8,30,23.7,0,0,10.479,10.081,14.678,23.8,0
10/21/2024,1:37:24 PM,0,ROK1,92.3,8.76,8.997,760.9,32968.8,30.66,0.57,0,47481.4,2.8,0.72,1.5,6.06,11.9,4.24,60.56284,-145.96013,92.1,94.1,48318.6,30863,-7.4,30,23.7,0,0,10.572,10.122,14.738,23.8,0
10/21/2024,1:37:25 PM,0,ROK1,92.2,8.75,9.01,761.8,32983,30.66,0.57,0,47487.7,2.93,0.76,1.43,6.06,11.9,4.06,60.56284,-145.96014,92,94,48325.1,30867,-7.3,30,23.7,0,0,10.593,10.154,14.785,23.8,0
10/21/2024,1:37:26 PM,0,ROK1,92.1,8.74,9.017,761.5,32996.6,30.67,0.58,0,47495.7,2.75,0.71,1.4,6.06,11.9,3.97,60.56284,-145.96014,92,94,48333.4,30872,-7.3,30,23.7,0,0,10.699,10.184,14.829,23.8,0
10/21/2024,1:37:27 PM,0,ROK1,92.1,8.73,9.028,761.2,33010.3,30.67,0.57,0,47503.6,2.55,0.66,1.45,6.06,11.9,4.1,60.56285,-145.96014,91.9,93.9,48341.4,30877,-7.1,30,23.7,0,0,10.905,10.987,15.998,23.8,0
10/21/2024,1:37:28 PM,0,ROK1,92,8.72,9.037,761.2,33026.7,30.68,0.58,0,47513.6,2.57,0.67,1.44,6.06,11.9,4.08,60.56285,-145.96014,91.9,93.8,48351.7,30884,-7.3,30,23.7,0,0,11.028,11.112,16.18,23.8,0
10/21/2024,1:37:29 PM,0,ROK1,92,8.72,9.048,761.3,33040.2,30.69,0.68,0,47519.5,2.64,0.69,1.38,6.06,11.9,3.93,60.56285,-145.96014,91.8,93.8,48357.8,30888,-7.1,30,23.7,0,0,11.229,11.308,16.466,23.8,0
10/21/2024,1:37:30 PM,0,ROK1,91.9,8.71,9.056,761.4,33054.3,30.69,0.58,0,47527.8,2.72,0.71,1.4,6.06,11.9,3.97,60.56285,-145.96014,91.7,93.7,48366.4,30893,-7.1,30,23.7,0,0,11.338,11.326,16.492,23.8,0
10/21/2024,1:37:31 PM,0,ROK1,91.8,8.7,9.065,761.3,33065.6,30.7,0.58,0,47533.9,2.7,0.7,1.42,6.06,11.9,4.01,60.56285,-145.96014,91.7,93.6,48372.7,30897,-7.1,30,23.7,0,0,11.377,11.352,16.53,23.8,0
10/21/2024,1:37:32 PM,0,ROK1,91.7,8.69,9.072,761.5,33077.2,30.7,0.58,0,47540.2,2.68,0.7,1.37,6.06,11.9,3.88,60.56284,-145.96014,91.6,93.6,48379.2,30901,-7.3,30,23.7,0,0,11.541,11.43,16.643,23.8,0
10/21/2024,1:37:33 PM,0,ROK1,91.7,8.68,9.08,761.2,33087.4,30.71,0.57,0,47546.1,2.45,0.64,1.36,6.06,11.9,3.87,60.56284,-145.96013,91.5,93.5,48385.2,30905,-7.2,30,23.7,0,0,11.625,11.503,16.749,23.8,0
10/21/2024,1:37:34 PM,0,ROK1,91.6,8.67,9.088,761.1,33098.8,30.71,0.56,0,47552,2.41,0.63,1.37,6.06,11.9,3.89,60.56284,-145.96013,91.5,93.4,48391.2,30909,-7.4,30,23.8,0,0,11.657,11.553,16.822,23.8,0
10/21/2024,1:37:34 PM,0,ROK1,91.5,8.66,9.094,761.6,33110.2,30.72,0.55,0,47558.3,2.35,0.61,1.37,6.06,11.9,3.88,60.56284,-145.96013,91.3,93.4,48397.8,30913,-7.5,30,23.8,0,0,11.741,11.597,16.886,23.8,0
10/21/2024,1:37:36 PM,0,ROK1,91.4,8.65,9.103,761.3,33124,30.72,0.53,0,47566.4,2.43,0.63,1.43,6.06,11.9,4.06,60.56284,-145.96013,91.3,93.2,48406,30918,-7.7,30,23.8,0,0,11.924,11.669,16.992,23.8,0
10/21/2024,1:37:39 PM,0,ROK1,91.2,8.63,9.116,761.1,33140.8,30.73,0.49,0,47574.4,2.87,0.74,1.5,6.06,11.9,4.23,60.56284,-145.96013,91.1,93.1,48414.3,30923,-8.2,30,23.8,0,0,12.098,11.772,17.141,23.8,0
10/21/2024,1:37:39 PM,0,ROK1,91.2,8.62,9.118,761.1,33143.6,30.73,0.5,0,47575.6,2.47,0.64,1.5,6.06,11.9,4.25,60.56284,-145.96013,91,93,48415.6,30924,-7.9,30,23.8,0,0,12.183,11.816,17.205,23.8,0
10/21/2024,1:37:40 PM,0,ROK1,91.1,8.61,9.12,761.5,33146.8,30.73,0.5,0,47577.4,2.31,0.6,1.43,6.06,11.9,4.06,60.56284,-145.96013,90.9,92.9,48417.5,30925,-8.1,30,23.8,0,0,12.327,11.856,17.264,23.8,0
10/21/2024,1:37:43 PM,0,ROK1,90.9,8.59,9.124,761,33151.9,30.73,0.48,0,47580.4,2.34,0.61,1.26,6.06,11.9,3.59,60.56284,-145.96013,90.8,92.7,48420.5,30927,-8,30,23.8,0,0,12.6,11.991,17.46,23.8,0
10/21/2024,1:37:45 PM,0,ROK1,90.9,8.59,9.125,761.2,33153.3,30.73,0.47,0,47580.9,2.39,0.63,1.22,6.06,11.9,3.49,60.56283,-145.96013,90.7,92.7,48421.1,30928,-8.2,30,23.8,0,0,12.679,12.754,18.572,23.8,0
10/21/2024,1:37:45 PM,0,ROK1,90.8,8.59,9.127,761.2,33156.9,30.74,0.43,0,47582.1,2.35,0.61,1.14,6.06,11.9,3.27,60.56284,-145.96013,90.7,92.6,48422.3,30928,-7.9,30,23.8,0,0,12.752,12.788,18.621,23.8,0
10/21/2024,1:37:47 PM,0,ROK1,90.7,8.58,9.131,761.5,33159.9,30.74,0.44,0,47582.9,2.09,0.55,1.05,6.06,11.9,3.03,60.56283,-145.96013,90.6,92.5,48423.1,30929,-7.7,30,23.8,0,0,12.779,12.785,18.616,23.8,0
10/21/2024,1:37:48 PM,0,ROK1,90.7,8.57,9.133,761.5,33163.1,30.74,0.43,0,47583.4,1.83,0.49,0.97,6.06,11.9,2.81,60.56284,-145.96013,90.5,92.5,48423.7,30929,-7.5,30,23.8,0,0,12.783,12.784,18.615,23.8,0
10/21/2024,1:37:49 PM,0,ROK1,90.6,8.57,9.136,761.7,33166.2,30.74,0.43,0,47584.6,1.67,0.45,1.01,6.06,11.9,2.9,60.56284,-145.96013,90.4,92.4,48424.8,30930,-7.1,30,23.8,0,0,12.815,12.789,18.623,23.8,0
10/21/2024,1:37:50 PM,0,ROK1,90.6,8.56,9.139,761.1,33169.6,30.74,0.43,0,47585.9,1.72,0.46,1.03,6.06,11.9,2.97,60.56284,-145.96013,90.5,92.4,48426.2,30931,-7.1,30,23.8,0,0,12.841,12.805,18.645,23.8,0
10/21/2024,1:37:51 PM,0,ROK1,90.5,8.56,9.142,761.5,33173.2,30.74,0.45,0,47587.5,1.93,0.51,1.08,6.06,11.9,3.1,60.56284,-145.96013,90.4,92.3,48427.9,30932,-7.1,30,23.8,0,0,12.978,12.856,18.72,23.9,0
10/21/2024,1:37:51 PM,0,ROK1,90.5,8.55,9.148,761.4,33180.8,30.74,0.45,0,47589.2,2.09,0.55,1.09,6.06,11.9,3.12,60.56284,-145.96013,90.3,92.3,48429.7,30933,-6.9,30,23.8,0,0,13.025,12.902,18.787,23.9,0
10/21/2024,1:37:53 PM,0,ROK1,90.5,8.55,9.151,761.3,33183.2,30.74,0.46,0,47589.9,2.36,0.62,1.16,6.06,11.9,3.32,60.56284,-145.96013,90.3,92.3,48430.4,30933,-7.1,30,23.8,0,0,13.143,12.935,18.834,23.9,0
10/21/2024,1:37:54 PM,0,ROK1,90.4,8.55,9.164,761.6,33201.6,30.75,0.48,0,47598.3,2.24,0.59,1.08,6.06,11.9,3.1,60.56284,-145.96013,90.3,92.2,48439.1,30939,-7.2,30,23.8,0,0,13.312,13.016,18.953,23.9,0
10/21/2024,1:37:54 PM,0,ROK1,90.4,8.54,9.174,761.5,33213.6,30.75,0.49,0,47604.2,1.85,0.49,0.96,6.06,11.9,2.78,60.56284,-145.96013,90.2,92.2,48445.1,30943,-7.2,30,23.8,0,0,13.352,13.045,18.995,23.9,0
10/21/2024,1:37:56 PM,0,ROK1,90.4,8.54,9.184,761.2,33228.3,30.76,0.49,0,47611.1,2.04,0.54,0.92,6.06,11.9,2.67,60.56284,-145.96013,90.2,92.2,48452.2,30947,-7.6,30,23.8,0,0,13.395,13.089,19.059,23.9,0
10/21/2024,1:37:57 PM,0,ROK1,90.3,8.53,9.199,761.4,33241.1,30.76,0.53,0,47612.3,2.06,0.54,0.86,6.06,11.9,2.51,60.56285,-145.96013,90.2,92.1,48453.5,30948,-7.6,30,23.8,0,0,13.446,13.145,19.14,23.9,0
10/21/2024,1:37:58 PM,0,ROK1,90.3,8.52,9.214,761.5,33259.8,30.77,0.59,0,47617.4,2.04,0.54,0.81,6.06,11.9,2.36,60.56285,-145.96013,90.1,92,48458.9,30951,-7.6,30,23.8,0,0,13.481,13.176,19.186,23.9,0
10/21/2024,1:37:59 PM,0,ROK1,90.2,8.51,9.233,761.4,33281.1,30.77,1.17,0,47626.2,1.91,0.51,0.93,6.06,11.9,2.7,60.56285,-145.96013,90,92,48468,30957,-8.1,30,23.8,0,0,13.477,13.2,19.221,23.9,0
10/21/2024,1:38:00 PM,0,ROK1,90.1,8.49,9.265,761.5,33327.8,30.79,11.37,0,47648.2,3.09,0.8,1.4,6.06,11.9,3.97,60.56285,-145.96013,89.9,91.9,48490.6,30971,-8.1,30,23.8,0,0,13.366,13.228,19.262,23.9,0
10/21/2024,1:38:03 PM,0,ROK1,89.9,8.47,9.306,761.2,33387.8,30.82,16.16,0,47680.6,4.11,1.05,2.3,6.06,11.9,6.43,60.56284,-145.96013,89.8,91.7,48523.9,30992,-8.9,30,23.8,0,0,13.271,13.23,19.265,23.9,0
10/21/2024,1:38:04 PM,0,ROK1,89.8,8.45,9.324,761.5,33410.9,30.83,16.95,0,47692.8,4.34,1.1,2.42,6.06,11.9,6.74,60.56284,-145.96011,89.6,91.6,48536.3,31000,-9,30,23.8,0,0,13.401,13.242,19.282,23.9,0
10/21/2024,1:38:05 PM,0,ROK1,89.7,8.44,9.34,761.2,33437.6,30.84,17.48,0,47707.6,4.84,1.23,2.64,6.06,11.9,7.36,60.56284,-145.96013,89.5,91.4,48551.6,31010,-8.9,30,23.8,0,0,13.51,13.256,19.303,23.9,0
10/21/2024,1:38:06 PM,0,ROK1,89.5,8.41,9.36,761.2,33461.3,30.85,184.48,0,47717.9,53.18,13.12,3.38,6.06,11.9,9.37,60.56284,-145.96013,89.3,91.3,48562.1,31017,-9.3,30,23.8,0,0,13.536,13.272,19.326,23.9,0
10/21/2024,1:38:06 PM,0,ROK1,89.3,8.39,9.375,761.4,33483.6,30.86,109.02,0,47727.3,31.96,7.9,27.18,6.06,11.9,74.21,60.56284,-145.96013,89.2,91.1,48571.8,31023,-9,30,23.8,0,0,13.476,13.282,19.341,23.9,0
10/21/2024,1:38:08 PM,0,ROK1,89.2,8.38,9.392,761.2,33501.8,30.86,73.24,0,47733.5,15.05,3.74,36.19,6.06,11.9,98.76,60.56284,-145.96013,89.1,91,48578.2,31027,-9.1,30,23.8,0,0,13.38,13.289,19.351,23.9,0
10/21/2024,1:38:09 PM,0,ROK1,89,8.36,9.41,761.3,33528.9,30.87,58.87,0,47746.3,13.58,3.38,28.89,6.06,11.9,78.86,60.56284,-145.96013,88.9,90.8,48591.4,31035,-9.5,30,23.8,0,0,13.21,13.285,19.346,23.9,0
10/21/2024,1:38:09 PM,0,ROK1,88.9,8.34,9.411,761.4,33539.8,30.88,38.67,0,47760,12.04,3,10.85,6.06,11.9,29.72,60.56284,-145.96013,88.7,90.7,48605.3,31044,-9.8,30,23.8,0,0,13.136,13.277,19.334,23.9,0
10/21/2024,1:38:11 PM,0,ROK1,88.7,8.33,9.41,761.2,33546.1,30.89,44.81,0,47770.6,7.34,1.84,2.25,6.06,11.9,6.28,60.56284,-145.96013,88.6,90.5,48616.1,31051,-10,30,23.8,0,0,13.109,13.269,19.322,23.9,0
10/21/2024,1:38:14 PM,0,ROK1,88.3,8.29,9.384,761.2,33517.1,30.88,20.76,0,47760.3,4.5,1.14,0.82,6.06,11.9,2.38,60.56283,-145.96013,88.1,90,48605.5,31044,-10.6,30,23.8,0,0,12.558,13.202,19.225,23.9,0
10/21/2024,1:38:14 PM,0,ROK1,88.1,8.28,9.371,761.2,33494.7,30.87,17.09,0,47748.7,3.9,1,0.87,6.06,11.9,2.53,60.56283,-145.96011,88,89.9,48593.5,31037,-11.1,30,23.8,0,0,12.477,12.411,18.072,23.9,0
10/21/2024,1:38:16 PM,0,ROK1,88,8.27,9.358,761.5,33472.8,30.86,15.15,0,47734.1,3.81,0.97,1.17,6.06,11.9,3.35,60.56283,-145.96011,87.9,89.8,48578.7,31027,-11.3,30,23.8,0,0,12.328,12.243,17.828,23.9,0
10/21/2024,1:38:17 PM,0,ROK1,87.9,8.27,9.346,761.5,33453.2,30.85,12.97,0,47719.4,3.57,0.91,1.23,6.06,11.9,3.51,60.56283,-145.96011,87.8,89.7,48563.6,31018,-11.6,30,23.8,0,0,12.124,12.084,17.596,23.9,0
10/21/2024,1:38:18 PM,0,ROK1,87.8,8.26,9.319,761.4,33416.9,30.83,10.95,0,47701.2,3.23,0.83,1.3,6.06,11.9,3.7,60.56283,-145.96011,87.6,89.6,48544.9,31006,-11.7,30,23.8,0,0,12.034,12.077,17.586,23.9,0
10/21/2024,1:38:21 PM,0,ROK1,87.7,8.25,9.275,761.5,33360.1,30.81,8.94,0,47677.3,2.97,0.77,1.34,6.05,11.9,3.8,60.56282,-145.96011,87.5,89.4,48520.3,30990,-12.8,30,23.8,0,0,11.693,11.894,17.32,23.9,0
10/21/2024,1:38:22 PM,0,ROK1,87.6,8.26,9.252,761.4,33328.5,30.8,8.19,0,47662,2.98,0.77,1.37,6.05,11.9,3.89,60.56282,-145.96011,87.5,89.4,48504.6,30980,-13.1,30,23.8,0,0,11.664,11.823,17.216,23.9,0
10/21/2024,1:38:23 PM,0,ROK1,87.6,8.26,9.235,761.4,33303.8,30.79,7.55,0,47649.3,2.89,0.75,1.4,6.05,11.9,3.96,60.56282,-145.96011,87.5,89.4,48491.5,30972,-13.4,30,23.8,0,0,11.588,11.773,17.143,23.9,0
10/21/2024,1:38:24 PM,0,ROK1,87.7,8.27,9.219,761.3,33276.8,30.78,7.02,0,47632,2.53,0.66,1.34,6.05,11.9,3.8,60.56282,-145.96011,87.5,89.4,48473.8,30961,-13.9,30,23.8,0,0,11.455,11.719,17.065,23.9,0
10/21/2024,1:38:25 PM,0,ROK1,87.7,8.27,9.205,761.1,33251.1,30.77,6.52,0,47616.5,2.66,0.69,1.41,6.05,11.9,4,60.56281,-145.9601,87.6,89.4,48457.9,30951,-14.6,30,23.8,0,0,11.28,11.663,16.983,23.9,0
10/21/2024,1:38:26 PM,0,ROK1,87.7,8.28,9.189,761.5,33232.2,30.76,6.13,0,47607.8,2.71,0.7,1.44,6.05,11.9,4.09,60.56281,-145.9601,87.6,89.5,48448.9,30945,-15.3,30,23.8,0,0,11.226,11.606,16.9,23.8,0
10/21/2024,1:38:27 PM,0,ROK1,87.8,8.29,9.177,761.3,33214,30.75,3.69,0,47599,2.39,0.62,1.37,6.05,11.9,3.88,60.56281,-145.9601,87.6,89.5,48439.9,30939,-16.3,30,23.8,0,0,11.068,11.552,16.82,23.8,0
10/21/2024,1:38:28 PM,0,ROK1,87.9,8.3,9.165,761.2,33196,30.74,2.19,0,47589.7,2.34,0.61,1.38,6.05,11.9,3.91,60.56281,-145.9601,87.8,89.7,48430.3,30933,-17,30,23.8,0,0,10.866,10.771,15.683,23.8,0
10/21/2024,1:38:29 PM,0,ROK1,88,8.31,9.155,761.3,33187.3,30.74,1.96,0,47587.7,2.2,0.58,1.31,6.05,11.9,3.73,60.5628,-145.9601,87.9,89.8,48428.2,30932,-17.1,30,23.8,0,0,10.74,10.711,15.596,23.8,0
10/21/2024,1:38:30 PM,0,ROK1,88.1,8.32,9.147,761.2,33180.1,30.74,1.4,0,47589.3,2.19,0.58,1.24,6.06,11.9,3.53,60.5628,-145.96008,88,89.8,48429.7,30933,-17.5,30,23.8,0,0,10.626,10.543,15.351,23.8,0
10/21/2024,1:38:31 PM,0,ROK1,88.2,8.34,9.145,761.2,33177.2,30.74,1.19,0,47588.4,2.24,0.59,1.24,6.06,11.9,3.54,60.5628,-145.96008,88.1,90,48428.8,30932,-17.7,30,23.8,0,0,10.546,10.484,15.266,23.8,0
10/21/2024,1:38:32 PM,0,ROK1,88.3,8.34,9.139,761.4,33169.6,30.74,1.03,0,47584.4,2.15,0.57,1.23,6.06,11.9,3.51,60.5628,-145.96008,88.1,90,48424.7,30930,-18.1,30,23.8,0,0,10.253,10.358,15.082,23.8,0
10/21/2024,1:38:33 PM,0,ROK1,88.4,8.36,9.135,761.4,33165.1,30.74,0.8,0,47583.7,2.14,0.56,1.31,6.06,11.9,3.72,60.5628,-145.96008,88.2,90.1,48424,30929,-18.4,30,23.8,0,0,10.167,10.234,14.902,23.8,0
10/21/2024,1:38:34 PM,0,ROK1,88.5,8.36,9.131,761.2,33161,30.74,0.7,0,47582.4,2.22,0.58,1.28,6.06,11.9,3.64,60.5628,-145.96008,88.3,90.2,48422.6,30929,-18.6,30,23.8,0,0,10.13,10.184,14.829,23.8,0
10/21/2024,1:38:35 PM,0,ROK1,88.5,8.37,9.13,761.2,33158.7,30.74,0.65,0,47581.3,2.26,0.59,1.25,6.06,11.9,3.55,60.5628,-145.96008,88.4,90.3,48421.4,30928,-18.8,30,23.8,0,0,9.957,10.142,14.767,23.8,0
10/21/2024,1:38:38 PM,0,ROK1,88.8,8.4,9.115,761.6,33140,30.73,0.55,0,47573.6,2.15,0.56,1.24,6.06,11.9,3.55,60.5628,-145.9601,88.6,90.5,48413.6,30923,-18.6,30,23.8,0,0,9.64,9.944,14.479,23.8,0
10/21/2024,1:38:39 PM,0,ROK1,88.9,8.4,9.11,761.2,33133.1,30.73,0.56,0,47570.4,2.3,0.6,1.31,6.06,11.9,3.73,60.5628,-145.9601,88.7,90.6,48410.3,30921,-18.5,30,23.8,0,0,9.473,9.893,14.406,23.8,0
10/21/2024,1:38:40 PM,0,ROK1,88.9,8.41,9.105,761.3,33124.8,30.72,0.55,0,47566,2.24,0.59,1.22,6.06,11.9,3.48,60.5628,-145.9601,88.8,90.7,48405.7,30918,-18.8,30,23.8,0,0,9.238,9.816,14.293,23.8,0
10/21/2024,1:38:41 PM,0,ROK1,89,8.42,9.098,761.4,33117,30.72,0.53,0,47562.5,2.31,0.6,1.16,6.06,11.9,3.32,60.5628,-145.9601,88.8,90.8,48402.1,30916,-19.1,30,23.8,0,0,9.14,9.748,14.194,23.8,0
10/21/2024,1:38:42 PM,0,ROK1,89.1,8.43,9.083,761.1,33097.5,30.71,0.52,0,47553.9,2.32,0.61,1.16,6.06,11.9,3.31,60.5628,-145.9601,89,90.9,48393.2,30910,-19.5,30,23.8,0,0,8.819,8.704,12.674,23.8,0
10/21/2024,1:38:45 PM,0,ROK1,89.2,8.45,9.06,761.3,33071.5,30.71,0.54,0,47544.8,2.5,0.65,1.21,6.06,11.9,3.46,60.5628,-145.96008,89.1,91,48383.8,30904,-20.4,30,23.8,0,0,8.609,8.598,12.52,23.8,0
10/21/2024,1:38:46 PM,0,ROK1,89.3,8.45,9.048,761.4,33054.5,30.7,0.54,0,47539.2,2.43,0.63,1.23,6.06,11.9,3.52,60.5628,-145.96008,89.1,91,48377.9,30900,-20.8,30,23.7,0,0,8.536,8.574,12.484,23.8,0
10/21/2024,1:38:47 PM,0,ROK1,89.3,8.47,9.035,761.2,33039.9,30.7,0.55,0,47533.1,2.47,0.65,1.24,6.06,11.9,3.52,60.5628,-145.96008,89.2,91.1,48371.6,30897,-21.3,30,23.7,0,0,8.384,8.493,12.367,23.8,0
10/21/2024,1:38:48 PM,0,ROK1,89.4,8.47,9.023,761.3,33022,30.69,0.57,0,47524.5,2.68,0.7,1.33,6.06,11.9,3.79,60.5628,-145.96008,89.2,91.2,48362.7,30891,-21.2,30,23.7,0,0,8.182,8.388,12.214,23.8,0
10/21/2024,1:38:49 PM,0,ROK1,89.5,8.48,9.009,761.2,33005.9,30.68,0.57,0,47517.9,2.46,0.64,1.4,6.06,11.9,3.96,60.5628,-145.96008,89.3,91.2,48355.9,30887,-21.1,30,23.7,0,0,8.07,8.273,12.046,23.8,0
10/21/2024,1:38:50 PM,0,ROK1,89.5,8.49,8.989,761.2,32981.8,30.68,0.6,0,47510.9,2.6,0.68,1.43,6.06,11.9,4.05,60.5628,-145.96008,89.4,91.3,48348.5,30882,-21.1,30,23.7,0,0,8.072,8.221,11.971,23.8,0
10/21/2024,1:38:51 PM,0,ROK1,89.6,8.5,8.975,761.2,32967.8,30.67,0.6,0,47507.1,3.08,0.79,1.56,6.06,11.9,4.42,60.5628,-145.96008,89.4,91.4,48344.5,30880,-20.5,30,23.7,0,0,8.014,8.186,11.919,23.8,0
10/21/2024,1:38:52 PM,0,ROK1,89.6,8.51,8.962,761.1,32951.6,30.67,0.61,0,47502.8,3.17,0.82,1.56,6.06,11.9,4.41,60.5628,-145.96008,89.5,91.4,48340,30877,-20.5,30,23.7,0,0,7.832,8.135,11.845,23.8,0
10/21/2024,1:38:53 PM,0,ROK1,89.7,8.51,8.955,761.3,32943,30.67,0.57,0,47500.3,3.11,0.8,1.54,6.06,11.9,4.35,60.5628,-145.96008,89.5,91.4,48337.4,30875,-20.3,30,23.7,0,0,7.733,8.086,11.774,23.8,0
10/21/2024,1:38:54 PM,0,ROK1,89.8,8.53,8.933,761.3,32918.4,30.66,0.54,0,47490.7,3.01,0.78,1.58,6.06,11.9,4.46,60.5628,-145.96008,89.6,91.5,48327.4,30869,-19.8,30,23.7,0,0,7.555,8.031,11.694,23.8,0
10/21/2024,1:38:55 PM,0,ROK1,89.8,8.53,8.928,761.2,32909.5,30.66,0.54,0,47487.3,3.15,0.81,1.58,6.06,11.9,4.45,60.5628,-145.96008,89.6,91.6,48323.9,30867,-19.6,30,23.7,0,0,7.364,7.968,11.602,23.8,0
10/21/2024,1:38:56 PM,0,ROK1,89.9,8.54,8.913,761.5,32894.6,30.65,0.54,0,47482.2,3.08,0.79,1.6,6.06,11.9,4.52,60.5628,-145.96008,89.7,91.6,48318.6,30863,-19.1,30,23.7,0,0,7.181,7.111,10.354,23.8,0
10/21/2024,1:38:57 PM,0,ROK1,89.9,8.55,8.902,761.4,32879.1,30.65,0.53,0,47476.3,3.2,0.82,1.69,6.06,11.9,4.75,60.5628,-145.96008,89.8,91.7,48312.4,30860,-18.8,30,23.7,0,0,7.021,6.927,10.086,23.8,0
10/21/2024,1:38:58 PM,0,ROK1,90,8.56,8.894,761.5,32868.4,30.64,0.52,0,47470.7,3.23,0.83,1.69,6.06,11.9,4.76,60.56281,-145.9601,89.8,91.8,48306.7,30856,-18.1,30,23.7,0,0,6.818,6.698,9.752,23.8,0
10/21/2024,1:38:59 PM,0,ROK1,90.1,8.57,8.887,761.2,32858.1,30.64,0.51,0,47465.8,3.1,0.8,1.73,6.06,11.9,4.88,60.56281,-145.9601,90,91.9,48301.6,30853,-17.7,30,23.7,0,0,6.607,6.638,9.665,23.8,0
10/21/2024,1:39:00 PM,0,ROK1,90.3,8.59,8.876,761.2,32846.5,30.63,0.49,0,47462.7,3.28,0.84,1.88,6.06,11.9,5.29,60.56281,-145.9601,90.1,92,48298.2,30851,-17.3,30,23.7,0,0,6.324,6.47,9.421,23.8,0
10/21/2024,1:39:01 PM,0,ROK1,90.3,8.59,8.874,761.5,32842.7,30.63,0.48,0,47461.6,3.2,0.82,1.9,6.06,11.9,5.33,60.56281,-145.9601,90.1,92.1,48297.1,30850,-16.8,30,23.7,0,0,6.199,6.408,9.331,23.8,0
10/21/2024,1:39:04 PM,0,ROK1,90.6,8.62,8.864,761.6,32825.9,30.62,0.45,0,47449.3,3.53,0.9,2.04,6.06,11.9,5.71,60.56282,-145.96011,90.4,92.4,48284.5,30842,-15.2,30,23.7,0,0,5.574,6.096,8.876,23.8,0
10/21/2024,1:39:05 PM,0,ROK1,90.6,8.63,8.862,761.4,32821.3,30.62,0.42,0,47445.1,3.42,0.88,2.05,6.06,11.9,5.75,60.56282,-145.96011,90.5,92.4,48280.2,30839,-14.5,30,23.7,0,0,5.396,5.978,8.704,23.8,0
10/21/2024,1:39:06 PM,0,ROK1,90.8,8.64,8.861,761.5,32818.1,30.62,0.42,0,47442.8,3.33,0.85,2.12,6.06,11.9,5.94,60.56282,-145.96011,90.6,92.6,48277.8,30838,-14.2,30,23.7,0,0,5.085,4.987,7.261,23.7,0
10/21/2024,1:39:07 PM,0,ROK1,90.8,8.65,8.86,761.2,32817.7,30.62,0.41,0,47442.4,3.35,0.86,2.13,6.06,11.9,5.96,60.56282,-145.96011,90.7,92.6,48277.5,30838,-13.8,30,23.7,0,0,5.011,4.889,7.118,23.7,0
10/21/2024,1:39:10 PM,0,ROK1,91.2,8.68,8.864,760.9,32816.9,30.62,0.41,0,47437.5,3.82,0.98,2.2,6.06,11.9,6.15,60.56283,-145.96013,91.1,93,48272.5,30834,-12.3,30,23.7,0,0,4.341,4.504,6.557,23.7,0
10/21/2024,1:39:11 PM,0,ROK1,91.2,8.68,8.864,761.2,32816.7,30.62,0.42,0,47436.9,3.75,0.96,2.07,6.06,11.9,5.8,60.56283,-145.96013,91,93,48271.9,30834,-11.8,30,23.7,0,0,4.153,4.345,6.327,23.7,0
10/21/2024,1:39:12 PM,0,ROK1,91.3,8.69,8.864,761.5,32816,30.62,0.42,0,47435.7,3.77,0.96,2.14,6.06,11.9,5.99,60.56283,-145.96013,91.1,93.1,48270.6,30833,-11.3,30,23.7,0,0,4.063,4.242,6.176,23.7,0
10/21/2024,1:39:13 PM,0,ROK1,91.3,8.69,8.864,761.2,32815.4,30.61,0.43,0,47435.2,3.95,1.01,2.15,6.06,11.9,6.02,60.56284,-145.96014,91.2,93.2,48270.2,30833,-10.6,30,23.7,0,0,3.972,4.168,6.068,23.7,0
10/21/2024,1:39:14 PM,0,ROK1,91.4,8.7,8.863,761.5,32814.3,30.61,0.41,0,47433.9,3.79,0.97,2.22,6.06,11.9,6.2,60.56284,-145.96014,91.2,93.2,48268.8,30832,-9.5,30,23.7,0,0,3.856,4.116,5.993,23.7,0
10/21/2024,1:39:15 PM,0,ROK1,91.5,8.71,8.863,761.3,32813.2,30.61,0.41,0,47432.8,3.56,0.91,2.16,6.06,11.9,6.03,60.56284,-145.96014,91.3,93.3,48267.7,30831,-8.9,30,23.7,0,0,3.644,4.055,5.905,23.7,0
10/21/2024,1:39:16 PM,0,ROK1,91.5,8.71,8.863,761.3,32811.6,30.61,0.42,0,47431,3.65,0.93,2.04,6.06,11.9,5.7,60.56284,-145.96014,91.4,93.4,48265.9,30830,-8.3,30,23.7,0,0,3.388,3.301,4.806,23.7,0
10/21/2024,1:39:17 PM,0,ROK1,91.6,8.72,8.862,761.5,32809.8,30.61,0.44,0,47429.7,3.77,0.96,2.01,6.06,11.9,5.64,60.56285,-145.96014,91.4,93.4,48264.5,30829,-7.7,30,23.7,0,0,3.203,3.109,4.526,23.7,0
10/21/2024,1:39:18 PM,0,ROK1,91.7,8.73,8.86,761.5,32807.4,30.61,0.42,0,47428,3.83,0.98,2.14,6.06,11.9,5.98,60.56285,-145.96016,91.5,93.5,48262.8,30828,-7,30,23.7,0,0,2.91,2.794,4.068,23.7,0
10/21/2024,1:39:19 PM,0,ROK1,91.7,8.73,8.86,761.2,32806.5,30.61,0.42,0,47427.2,3.69,0.95,2.14,6.06,11.9,5.99,60.56285,-145.96016,91.6,93.5,48262,30828,-6.6,30,23.7,0,0,2.794,2.752,4.007,23.7,0
10/21/2024,1:39:20 PM,0,ROK1,91.8,8.74,8.859,761.6,32804.8,30.61,0.44,0,47426,3.78,0.97,2.15,6.06,11.9,6,60.56286,-145.96016,91.6,93.6,48260.7,30827,-5.9,30,23.7,0,0,2.691,2.703,3.935,23.7,0
10/21/2024,1:39:21 PM,0,ROK1,91.8,8.74,8.858,761.2,32803.1,30.61,0.44,0,47425.1,3.89,0.99,2.21,6.06,11.9,6.17,60.56286,-145.96017,91.7,93.7,48259.8,30826,-5.3,30,23.7,0,0,2.558,2.655,3.865,23.7,0
10/21/2024,1:39:22 PM,0,ROK1,91.9,8.75,8.857,761.3,32801.7,30.61,0.45,0,47424.2,4.23,1.08,2.22,6.06,11.9,6.19,60.56286,-145.96017,91.7,93.7,48258.9,30826,-5,30,23.7,0,0,2.371,2.583,3.761,23.7,0
10/21/2024,1:39:23 PM,0,ROK1,91.9,8.75,8.856,761.5,32800.3,30.61,0.43,0,47423.5,4.3,1.09,2.17,6.06,11.9,6.07,60.56287,-145.96017,91.8,93.8,48258.1,30825,-4.6,30,23.7,0,0,2.223,2.497,3.636,23.7,0
10/21/2024,1:39:26 PM,0,ROK1,92.1,8.77,8.854,761.2,32794.6,30.6,0.43,0,47417.5,3.99,1.02,2.17,6.06,11.9,6.06,60.56287,-145.96017,92,93.9,48252,30821,-4,30,23.7,0,0,1.707,2.251,3.278,23.7,0
10/21/2024,1:39:27 PM,0,ROK1,92.2,8.77,8.853,761.3,32791.1,30.6,0.42,0,47414.4,4.13,1.05,2.08,6.06,11.9,5.84,60.56287,-145.96017,92,94,48248.9,30819,-3.9,30,23.7,0,0,1.448,1.318,1.92,23.7,0
10/21/2024,1:39:28 PM,0,ROK1,92.2,8.78,8.848,761.2,32786,30.6,0.43,0,47411.8,4.13,1.05,2.22,6.06,11.9,6.2,60.56287,-145.96017,92,94,48246.2,30818,-3.7,31,23.7,0,0,1.332,1.307,1.903,23.7,0
10/21/2024,1:39:29 PM,0,ROK1,92.2,8.78,8.843,760.9,32779.7,30.6,0.43,0,47411,4.29,1.09,2.31,6.06,11.9,6.45,60.56287,-145.96017,92.1,94,48245.3,30817,-3.5,31,23.7,0,0,1.249,1.185,1.725,23.7,0
10/21/2024,1:39:30 PM,0,ROK1,92.2,8.79,8.835,761.2,32773.4,30.6,0.44,0,47410.6,4.05,1.03,2.44,6.06,11.9,6.8,60.56287,-145.96017,92.1,94.1,48244.8,30817,-3.5,31,23.7,0,0,1.075,1.126,1.639,23.7,0
10/21/2024,1:39:31 PM,0,ROK1,92.3,8.79,8.815,761.3,32753.8,30.59,0.42,0,47407.5,4.02,1.02,2.47,6.06,11.9,6.89,60.56288,-145.96019,92.1,94.1,48241.4,30815,-2.8,31,23.7,0,0,0.812,0.923,1.344,23.7,0
10/21/2024,1:39:33 PM,0,ROK1,92.3,8.8,8.802,761.5,32739.7,30.59,0.43,0,47404.1,3.99,1.02,2.45,6.06,11.9,6.83,60.56288,-145.96019,92.2,94.2,48237.8,30813,-2.4,31,23.7,0,0,0.722,0.852,1.241,23.7,0
10/21/2024,1:39:34 PM,0,ROK1,92.4,8.8,8.79,761.4,32724.1,30.59,0.45,0,47399.2,3.91,1,2.53,6.06,11.9,7.06,60.56288,-145.96019,92.2,94.2,48232.7,30809,-1.9,31,23.7,0,0,0.66,0.809,1.178,23.7,0
10/21/2024,1:39:35 PM,0,ROK1,92.4,8.81,8.775,761.6,32708,30.58,0.48,0,47393.1,4.01,1.02,2.59,6.06,11.9,7.2,60.56288,-145.96019,92.2,94.2,48226.2,30805,-1.7,31,23.7,0,0,0.627,0.772,1.124,23.7,0
