Date (MM/DD/YYYY),Time (hh:mm:ss tt),Time (Fract. Sec),Site Name,DO ( % Sat ),DO ( mg/L ),Temp ( °C ),Barometer ( mmHg ),Cond ( µS/cm ),Sal ( psu ),Turbidity ( FNU ),TSS ( mg/L ),Sp Cond ( µS/cm ),Chlorophyll ( µg/L ),Chlorophyll ( RFU ),Phycoerythrin ( RFU ),Battery Power ( voltage ),Cable Power ( voltage ),Phycoerythrin ( µg/L ),GPS Latitude ( ° ),GPS Longitude ( ° ),DO ( % LocalB ),DO ( % CB ),nLFCond ( µS/cm ),TDS ( mg/L ),Altitude ( m ),Resistivity ( ohms-cm ),Water Density ( Sigma-T ),Chlorophyll ( cells/mL ),Phycoerythrin ( cells/mL ),Vertical Position ( m ),Depth ( m ),Absolute Pressure ( psi a ),Water Density ( Sigma ),Fault Code
1/19/2024,3:11:02 PM,0,SBR1,92.4,9.29,6.135,750.5,31641.2,31.81,0.58,0,49464.3,-0.16,-0.02,-0.3,6.27,11.9,-0.95,60.63699,-146.00447,93.6,92.4,50253.9,32152,4.1,32,25,0,0,0.569,0.493,0.719,25,0
1/19/2024,3:11:03 PM,0,SBR1,92.3,9.28,6.137,750.5,31640.2,31.81,0.52,0,49460.1,-0.03,0.01,-0.31,6.27,11.9,-0.97,60.63699,-146.00447,93.5,92.3,50249.8,32149,4.4,32,25,0,0,0.557,0.507,0.739,25,0
1/19/2024,3:11:04 PM,0,SBR1,92.2,9.27,6.138,750.5,31641,31.81,0.64,0,49459.2,0.05,0.03,-0.33,6.27,11.9,-1.02,60.63699,-146.00447,93.4,92.2,50248.9,32148,4.5,32,25,0,0,0.591,0.523,0.762,25,0
1/19/2024,3:11:05 PM,0,SBR1,92.1,9.25,6.139,750.3,31639.3,31.8,0.69,0,49455.7,0,0.02,-0.2,6.27,11.9,-0.67,60.63698,-146.00447,93.3,92.1,50245.4,32146,4.9,32,25,0,0,0.544,0.537,0.783,25,0
1/19/2024,3:11:06 PM,0,SBR1,92,9.25,6.138,750.6,31639.3,31.81,0.66,0,49456.8,-0.12,-0.01,-0.17,6.27,11.9,-0.56,60.63698,-146.00447,93.1,92,50246.5,32147,4.9,32,25,0,0,0.602,0.554,0.808,25,0
1/19/2024,3:11:08 PM,0,SBR1,91.8,9.23,6.141,750.3,31638.8,31.8,0.67,0,49451.5,0.02,0.03,-0.44,6.27,11.9,-1.33,60.63698,-146.00447,93,91.8,50241.3,32143,4.9,32,25,0,0,0.576,0.567,0.827,25,0
1/19/2024,3:11:10 PM,0,SBR1,91.6,9.21,6.146,750.5,31640.8,31.8,0.71,0,49446.7,-0.14,-0.01,-0.15,6.27,11.9,-0.51,60.63697,-146.00446,92.8,91.6,50236.7,32140,5.2,32,25,0,0,0.564,0.571,0.833,25,0
1/19/2024,3:11:11 PM,0,SBR1,91.5,9.2,6.147,750.5,31644.3,31.8,0.67,0,49450.7,-0.19,-0.03,-0.3,6.27,11.9,-0.94,60.63697,-146.00446,92.7,91.5,50240.7,32143,5.5,32,25,0,0,0.579,0.571,0.833,25,0
1/19/2024,3:11:12 PM,0,SBR1,91.5,9.2,6.148,750.6,31643.1,31.8,0.61,0,49448.1,0.02,0.03,-0.25,6.27,11.9,-0.79,60.63697,-146.00446,92.6,91.5,50238.1,32141,5.6,32,25,0,0,0.536,0.571,0.832,25,0
1/19/2024,3:11:13 PM,0,SBR1,91.4,9.19,6.149,750.4,31642.1,31.8,0.73,0,49444.9,0.15,0.06,-0.32,6.27,11.9,-1.01,60.63697,-146.00446,92.6,91.4,50234.9,32139,5.6,32,25,0,0,0.601,0.571,0.833,25,0
1/19/2024,3:11:15 PM,0,SBR1,91.2,9.17,6.154,750.7,31644.3,31.8,0.64,0,49442.2,-0.05,0.01,-0.45,6.27,11.9,-1.35,60.63697,-146.00446,92.4,91.2,50232.4,32137,5.2,32,25,0,0,1.005,0.584,0.851,25,0
1/19/2024,3:11:16 PM,0,SBR1,91.2,9.17,6.156,750.7,31645.5,31.8,0.58,0,49439.5,0.04,0.03,-0.37,6.27,11.9,-1.12,60.63697,-146.00446,92.3,91.2,50229.8,32136,5.3,32,25,0,0,1.282,1.38,2.012,25,0
1/19/2024,3:11:17 PM,0,SBR1,91.2,9.16,6.16,750.5,31648.2,31.79,0.68,0,49438.6,0.05,0.03,-0.35,6.27,11.9,-1.08,60.63696,-146.00446,92.3,91.2,50229,32135,5,32,25,0,0,1.367,1.422,2.073,25,0
1/19/2024,3:11:18 PM,0,SBR1,91.1,9.16,6.162,750.4,31650.7,31.8,0.68,0,49440.2,-0.11,-0.01,-0.41,6.27,11.9,-1.24,60.63696,-146.00446,92.3,91.1,50230.7,32136,4.9,32,25,0,0,1.524,1.568,2.285,25,0
1/19/2024,3:11:19 PM,0,SBR1,91.1,9.15,6.165,750.4,31648.2,31.79,0.73,0,49430.5,-0.15,-0.02,-0.48,6.27,11.9,-1.43,60.63696,-146.00446,92.2,91.1,50221.1,32130,5.2,32,25,0,0,1.575,1.548,2.256,25,0
1/19/2024,3:11:21 PM,0,SBR1,90.9,9.14,6.167,750.4,31639,31.78,0.65,0,49412.9,-0.01,0.02,-0.34,6.27,11.9,-1.05,60.63696,-146.00446,92.1,90.9,50203.3,32118,5.3,32,25,0,0,2.023,1.866,2.72,25,0
1/19/2024,3:11:22 PM,0,SBR1,90.9,9.13,6.168,750.3,31636.4,31.77,0.66,0,49408,0.07,0.04,-0.25,6.27,11.9,-0.8,60.63696,-146.00446,92.1,90.9,50198.3,32115,5.6,32,25,0,0,2.02,1.937,2.824,25,0
1/19/2024,3:11:23 PM,0,SBR1,90.9,9.13,6.168,750.3,31645.2,31.78,0.66,0,49421.4,0.12,0.05,-0.38,6.27,11.9,-1.16,60.63695,-146.00446,92.1,90.9,50212,32124,5.6,32,25,0,0,2.381,2.015,2.937,25,0
1/19/2024,3:11:24 PM,0,SBR1,90.9,9.13,6.172,750.4,31652.4,31.79,0.68,0,49427.6,-0.03,0.01,-0.47,6.27,11.9,-1.43,60.63695,-146.00446,92,90.9,50218.4,32128,5.4,32,25,0,0,2.596,2.12,3.091,25,0
1/19/2024,3:11:25 PM,0,SBR1,90.8,9.12,6.175,750.8,31647.3,31.78,0.72,0,49415,-0.03,0.01,-0.37,6.27,11.9,-1.13,60.63695,-146.00446,91.9,90.8,50205.8,32120,6.1,32,25,0,0,2.706,2.22,3.236,25,0
1/19/2024,3:11:26 PM,0,SBR1,90.7,9.12,6.174,750.5,31640,31.77,0.68,0,49403.8,0,0.02,-0.29,6.27,11.9,-0.9,60.63695,-146.00446,91.9,90.7,50194.4,32112,6.1,32,25,0,0,2.697,2.29,3.338,25,0
1/19/2024,3:11:28 PM,0,SBR1,90.7,9.12,6.176,750.3,31672.2,31.81,0.67,0,49453.6,0.04,0.03,-0.21,6.27,11.9,-0.7,60.63695,-146.00446,91.9,90.7,50245,32145,6.6,32,25,0,0,3.328,3.407,4.966,25,0
1/19/2024,3:11:29 PM,0,SBR1,90.7,9.11,6.187,750.4,31682.5,31.81,0.71,0,49454.2,0.1,0.05,-0.22,6.27,11.9,-0.71,60.63695,-146.00446,91.9,90.7,50246.2,32145,6.8,32,25,0,0,3.402,3.442,5.018,25,0
1/19/2024,3:11:31 PM,0,SBR1,90.7,9.1,6.197,750.3,31676.9,31.79,0.74,0,49428.1,-0.16,-0.02,-0.13,6.27,11.9,-0.45,60.63694,-146.00444,91.8,90.7,50220.2,32128,6.8,32,25,0,0,3.853,3.723,5.428,25,0
1/19/2024,3:11:32 PM,0,SBR1,90.6,9.1,6.199,750.2,31674.4,31.79,0.72,0,49421.3,-0.15,-0.02,-0.24,6.27,11.9,-0.76,60.63694,-146.00444,91.8,90.6,50213.4,32124,6.8,32,25,0,0,4.123,3.906,5.694,25,0
1/19/2024,3:11:35 PM,0,SBR1,90.6,9.09,6.205,750.7,31729.7,31.84,0.67,0,49501.5,-0.01,0.02,-0.33,6.27,11.9,-1.02,60.63694,-146.00446,91.7,90.6,50295,32176,7.4,32,25,0,0,4.566,4.174,6.085,25.1,0
1/19/2024,3:11:37 PM,0,SBR1,90.7,9.09,6.24,750.7,31770.2,31.85,0.69,0,49512.8,-0.07,0,-0.38,6.27,11.9,-1.16,60.63693,-146.00446,91.8,90.7,50308.2,32183,6.7,31,25,0,0,4.982,5.102,7.438,25.1,0
1/19/2024,3:11:39 PM,0,SBR1,90.7,9.09,6.264,750.5,31799.5,31.87,0.76,0,49524.6,-0.09,0,-0.39,6.27,11.9,-1.2,60.63694,-146.00446,91.8,90.7,50321.3,32191,6.6,31,25,0,0,5.282,5.419,7.901,25.1,0
1/19/2024,3:11:40 PM,0,SBR1,90.7,9.08,6.278,750.5,31820.9,31.87,0.74,0,49533.7,0.01,0.02,-0.36,6.27,11.9,-1.12,60.63694,-146.00446,91.8,90.7,50331.3,32197,6.6,31,25.1,0,0,5.624,5.587,8.146,25.1,0
1/19/2024,3:11:41 PM,0,SBR1,90.6,9.08,6.298,750.4,31819.2,31.85,0.76,0,49504.5,0.06,0.04,-0.32,6.27,11.9,-1,60.63694,-146.00446,91.8,90.6,50302.5,32178,6.5,31,25,0,0,5.879,5.786,8.435,25.1,0
1/19/2024,3:11:42 PM,0,SBR1,90.6,9.07,6.313,750.4,31817.2,31.84,0.68,0,49476.6,0.04,0.03,-0.39,6.27,11.9,-1.19,60.63694,-146.00446,91.7,90.6,50274.9,32160,6.5,31,25,0,0,5.863,5.852,8.532,25.1,0
1/19/2024,3:11:43 PM,0,SBR1,90.5,9.05,6.326,750.3,31810.7,31.82,0.69,0,49448,-0.07,0,-0.35,6.27,11.9,-1.08,60.63694,-146.00446,91.6,90.5,50246.4,32141,6.4,31,25,0,0,6.194,5.941,8.662,25,0
1/19/2024,3:11:44 PM,0,SBR1,90.4,9.05,6.329,750.5,31808.7,31.81,0.66,0,49440.5,0.04,0.03,-0.37,6.27,11.9,-1.15,60.63694,-146.00446,91.6,90.4,50238.9,32136,6.6,31,25,0,0,6.348,5.997,8.743,25,0
1/19/2024,3:11:45 PM,0,SBR1,90.4,9.05,6.331,750.4,31810.3,31.81,0.62,0,49439,-0.04,0.01,-0.52,6.27,11.9,-1.56,60.63694,-146.00446,91.6,90.4,50237.6,32135,7,31,25,0,0,6.508,6.093,8.883,25,0
1/19/2024,3:11:46 PM,0,SBR1,90.4,9.04,6.333,751,31811.2,31.81,0.68,0,49438.4,-0.25,-0.04,-0.53,6.27,11.9,-1.57,60.63694,-146.00446,91.5,90.4,50237,32135,7.1,31,25,0,0,6.624,6.178,9.007,25,0
1/19/2024,3:11:47 PM,0,SBR1,90.3,9.03,6.334,750.4,31792.2,31.79,0.66,0,49407.3,-0.12,-0.01,-0.38,6.27,11.9,-1.15,60.63694,-146.00446,91.4,90.3,50205.4,32115,6.8,31,25,0,0,6.894,7.063,10.296,25,0
1/19/2024,3:11:48 PM,0,SBR1,90.2,9.02,6.331,750.3,31763,31.76,0.69,0,49364.4,0.02,0.03,-0.41,6.27,11.9,-1.24,60.63694,-146.00446,91.3,90.2,50161.8,32087,6.7,31,25,0,0,7.228,7.369,10.743,25,0
1/19/2024,3:11:52 PM,0,SBR1,90.1,9.02,6.306,750.3,31753.6,31.77,0.53,0,49387.4,0.1,0.05,-0.37,6.27,11.9,-1.12,60.63695,-146.00446,91.3,90.1,50184,32102,7.5,31,25,0,0,7.799,7.669,11.18,25,0
1/19/2024,3:11:53 PM,0,SBR1,90.1,9.02,6.302,750.3,31753.2,31.78,0.62,0,49393.7,0.07,0.04,-0.37,6.27,11.9,-1.14,60.63696,-146.00447,91.2,90.1,50190.1,32106,7.5,31,25,0,0,8.012,7.79,11.356,25,0
1/19/2024,3:11:54 PM,0,SBR1,90,9.02,6.298,750.7,31753.2,31.78,0.66,0,49398.3,0.04,0.03,-0.34,6.27,11.9,-1.05,60.63695,-146.00447,91.2,90,50194.7,32109,7.4,31,25,0,0,7.935,7.841,11.431,25,0
1/19/2024,3:11:57 PM,0,SBR1,90,9.02,6.294,750.7,31752,31.78,0.69,0,49402.9,0.02,0.03,-0.44,6.27,11.9,-1.34,60.63696,-146.00446,91.2,90,50199.1,32112,7.2,31,25,0,0,8.74,8.803,12.834,25,0
1/19/2024,3:11:59 PM,0,SBR1,90,9.02,6.291,750.5,31748.6,31.78,0.75,0,49401.3,0.19,0.07,-0.26,6.27,11.9,-0.83,60.63695,-146.00446,91.1,90,50197.4,32111,7.1,31,25,0,0,9.027,9.101,13.267,25,0
1/19/2024,3:12:00 PM,0,SBR1,90,9.01,6.29,750.4,31747.1,31.78,0.8,0,49401.1,0.23,0.08,-0.26,6.27,11.9,-0.82,60.63695,-146.00446,91.1,90,50197.1,32111,6.9,31,25,0,0,9.225,9.175,13.375,25,0
1/19/2024,3:12:01 PM,0,SBR1,90,9.01,6.289,750.4,31745.9,31.78,0.72,0,49400.9,0,0.02,-0.37,6.27,11.9,-1.13,60.63695,-146.00447,91.1,90,50196.9,32111,7.3,32,25,0,0,9.53,9.365,13.652,25,0
1/19/2024,3:12:02 PM,0,SBR1,90,9.01,6.288,750.9,31744.1,31.78,0.69,0,49400,-0.07,0,-0.37,6.27,11.9,-1.12,60.63695,-146.00446,91.1,90,50195.8,32110,7.1,32,25,0,0,9.494,9.467,13.802,25,0
1/19/2024,3:12:03 PM,0,SBR1,90,9.01,6.286,750.5,31744.4,31.78,0.64,0,49402.2,-0.14,-0.01,-0.38,6.27,11.9,-1.15,60.63694,-146.00446,91.1,90,50198,32111,7.1,32,25,0,0,9.625,9.521,13.881,25,0
1/19/2024,3:12:04 PM,0,SBR1,89.9,9.01,6.285,750.5,31743,31.78,0.55,0,49401.5,-0.14,-0.02,-0.38,6.27,11.9,-1.18,60.63694,-146.00446,91.1,89.9,50197.3,32111,7.2,32,25,0,0,9.733,9.573,13.956,25,0
1/19/2024,3:12:05 PM,0,SBR1,89.9,9.01,6.284,750.4,31742.1,31.78,0.64,0,49401.6,-0.05,0.01,-0.49,6.27,11.9,-1.48,60.63694,-146.00446,91.1,89.9,50197.4,32111,7.9,32,25,0,0,9.98,9.627,14.034,25,0
1/19/2024,3:12:06 PM,0,SBR1,89.9,9.01,6.283,750.5,31741.7,31.78,0.72,0,49402.6,-0.1,-0.01,-0.39,6.27,11.9,-1.2,60.63694,-146.00446,91.1,89.9,50198.3,32112,7.7,32,25,0,0,10.181,9.715,14.163,25,0
1/19/2024,3:12:07 PM,0,SBR1,89.9,9.01,6.283,750.4,31741.4,31.78,0.69,0,49402.6,-0.03,0.01,-0.29,6.27,11.9,-0.91,60.63694,-146.00446,91.1,89.9,50198.3,32112,7.4,32,25,0,0,10.281,9.795,14.279,25,0
1/19/2024,3:12:08 PM,0,SBR1,89.9,9.01,6.283,750.4,31742.5,31.78,0.7,0,49404.7,-0.02,0.01,-0.4,6.27,11.9,-1.23,60.63694,-146.00446,91.1,89.9,50200.5,32113,6.8,32,25,0,0,10.369,9.878,14.4,25,0
1/19/2024,3:12:09 PM,0,SBR1,89.9,9.01,6.282,750.5,31743.7,31.78,0.75,0,49407.1,0.05,0.03,-0.34,6.27,11.9,-1.06,60.63694,-146.00446,91,89.9,50202.9,32115,6.3,32,25,0,0,10.461,9.937,14.486,25,0
1/19/2024,3:12:10 PM,0,SBR1,89.9,9.01,6.282,750.4,31743.4,31.78,0.67,0,49407.7,0.21,0.07,-0.35,6.27,11.9,-1.08,60.63694,-146.00446,91,89.9,50203.5,32115,5.9,32,25,0,0,10.719,10.861,15.834,25.1,0
1/19/2024,3:12:11 PM,0,SBR1,89.9,9.01,6.282,750.4,31741.8,31.78,0.64,0,49405.2,0.17,0.06,-0.37,6.27,11.9,-1.14,60.63694,-146.00446,91,89.9,50200.9,32113,5.7,32,25,0,0,11.013,11.123,16.216,25.1,0
1/19/2024,3:12:12 PM,0,SBR1,89.9,9,6.282,750.5,31740,31.78,0.68,0,49402.1,0.08,0.04,-0.2,6.27,11.9,-0.67,60.63694,-146.00446,91,89.9,50197.7,32111,5.5,32,25,0,0,11.16,11.209,16.34,25,0
1/19/2024,3:12:13 PM,0,SBR1,89.9,9,6.281,750.5,31741.4,31.78,0.61,0,49405.5,-0.07,0,-0.33,6.27,11.9,-1.03,60.63694,-146.00446,91,89.9,50201.1,32114,5.6,32,25,0,0,11.186,11.201,16.329,25.1,0
1/19/2024,3:12:14 PM,0,SBR1,89.9,9.01,6.28,750.5,31739,31.78,0.57,0,49402.8,-0.07,0,-0.35,6.27,11.9,-1.09,60.63694,-146.00446,91,89.9,50198.4,32112,5.8,32,25,0,0,11.2,11.19,16.313,25,0
1/19/2024,3:12:15 PM,0,SBR1,89.9,9.01,6.28,750.3,31736.7,31.78,0.64,0,49399,-0.11,-0.01,-0.3,6.27,11.9,-0.93,60.63694,-146.00446,91,89.9,50194.6,32109,5.9,32,25,0,0,11.392,11.232,16.374,25,0
1/19/2024,3:12:16 PM,0,SBR1,89.9,9,6.28,750.4,31734.3,31.77,0.58,0,49396,-0.12,-0.01,-0.42,6.27,11.9,-1.28,60.63694,-146.00446,91,89.9,50191.5,32107,6,32,25,0,0,11.646,11.361,16.562,25,0
1/19/2024,3:12:17 PM,0,SBR1,89.8,9,6.279,750.5,31733.4,31.77,0.6,0,49396,-0.08,0,-0.49,6.27,11.9,-1.46,60.63694,-146.00446,91,89.8,50191.5,32107,6.1,32,25,0,0,11.866,11.474,16.727,25,0
1/19/2024,3:12:18 PM,0,SBR1,89.8,9,6.278,750.7,31733.5,31.77,0.61,0,49397.8,0.01,0.02,-0.45,6.27,11.9,-1.37,60.63694,-146.00446,90.9,89.8,50193.2,32109,5.8,32,25,0,0,11.954,11.571,16.868,25,0
1/19/2024,3:12:20 PM,0,SBR1,89.7,8.99,6.273,750.6,31698.3,31.74,0.58,0,49349.6,-0.01,0.02,-0.36,6.27,11.9,-1.11,60.63695,-146.00446,90.8,89.7,50144,32077,5.1,32,24.9,0,0,12.441,12.527,18.262,25,0
1/19/2024,3:12:21 PM,0,SBR1,89.7,8.99,6.265,750.4,31689.2,31.74,0.55,0,49348.4,-0.1,0,-0.41,6.27,11.9,-1.25,60.63694,-146.00446,90.8,89.7,50142.4,32076,5,32,24.9,0,0,12.487,12.502,18.224,25,0
1/19/2024,3:12:22 PM,0,SBR1,89.7,9,6.256,750.3,31689,31.74,0.64,0,49359.8,-0.08,0,-0.39,6.27,11.9,-1.19,60.63695,-146.00447,90.9,89.7,50153.6,32084,4.9,32,25,0,0,12.576,12.61,18.383,25,0
1/19/2024,3:12:23 PM,0,SBR1,89.7,9,6.251,750.7,31685,31.75,0.67,0,49362.2,0.07,0.04,-0.52,6.27,11.9,-1.56,60.63695,-146.00447,90.8,89.7,50155.8,32085,4.8,32,25,0,0,12.61,12.593,18.358,25,0
1/19/2024,3:12:24 PM,0,SBR1,89.7,9,6.244,750.4,31678.6,31.74,0.62,0,49361.8,0.05,0.03,-0.56,6.27,11.9,-1.68,60.63695,-146.00446,90.8,89.7,50155,32085,4.4,32,25,0,0,12.838,12.685,18.492,25,0
1/19/2024,3:12:25 PM,0,SBR1,89.7,8.99,6.238,750.5,31666.1,31.74,0.56,0,49350.1,0.04,0.03,-0.42,6.27,11.9,-1.27,60.63695,-146.00447,90.8,89.7,50142.9,32078,4.4,32,24.9,0,0,13.031,12.822,18.692,25,0
1/19/2024,3:12:26 PM,0,SBR1,89.6,8.99,6.231,750.4,31660.4,31.74,0.66,0,49352.7,0.04,0.03,-0.42,6.27,11.9,-1.28,60.63695,-146.00447,90.8,89.6,50145.2,32079,4.2,32,24.9,0,0,13.012,12.892,18.793,25,0
1/19/2024,3:12:27 PM,0,SBR1,89.7,9,6.223,750.3,31657.6,31.74,0.64,0,49358.2,-0.07,0,-0.54,6.27,11.9,-1.61,60.63696,-146.00446,90.8,89.7,50150.4,32083,3.7,32,25,0,0,13.243,12.95,18.878,25,0
1/19/2024,3:12:28 PM,0,SBR1,89.7,9,6.217,750.7,31653.7,31.74,0.66,0,49362.8,-0.07,0,-0.45,6.27,11.9,-1.37,60.63696,-146.00447,90.8,89.7,50154.8,32086,3.5,32,25,0,0,13.471,13.058,19.036,25,0
1/19/2024,3:12:29 PM,0,SBR1,89.7,9,6.211,750.3,31649.7,31.74,0.59,0,49364.8,-0.04,0.01,-0.35,6.27,11.9,-1.09,60.63696,-146.00446,90.8,89.7,50156.6,32087,3.5,32,25,0,0,13.598,13.138,19.153,25,0
1/19/2024,3:12:31 PM,0,SBR1,89.7,9.01,6.202,750.3,31644.4,31.75,0.67,0,49370.4,-0.06,0.01,-0.28,6.27,11.9,-0.87,60.63696,-146.00447,90.9,89.7,50161.8,32091,3.4,32,25,0,0,13.788,13.271,19.346,25,0
1/19/2024,3:12:32 PM,0,SBR1,89.7,9.01,6.198,750.3,31637.8,31.74,0.63,0,49365.8,-0.03,0.01,-0.29,6.27,11.9,-0.9,60.63696,-146.00447,90.9,89.7,50157,32088,3,32,25,0,0,14.037,14.1,20.554,25.1,0
1/19/2024,3:12:33 PM,0,SBR1,89.7,9.01,6.194,750.5,31638.4,31.75,0.63,0,49372.8,0.08,0.04,-0.19,6.27,11.9,-0.64,60.63696,-146.00447,90.9,89.7,50163.9,32092,3,32,25,0,0,14.03,14.024,20.444,25.1,0
1/19/2024,3:12:34 PM,0,SBR1,89.7,9.01,6.19,750.4,31639.7,31.75,0.67,0,49380.1,0.22,0.07,-0.17,6.27,11.9,-0.58,60.63696,-146.00447,90.9,89.7,50171.1,32097,3.1,32,25,0,0,14.121,14.191,20.687,25.1,0
1/19/2024,3:12:38 PM,0,SBR1,89.9,9.02,6.211,750.5,31697.7,31.8,0.79,0,49440.4,-0.09,0,-0.47,6.27,11.9,-1.4,60.63696,-146.00447,91,89.9,50233.4,32136,2.7,32,25,0,0,14.676,14.571,21.243,25.1,0
1/19/2024,3:12:39 PM,0,SBR1,90,9.03,6.217,750.5,31733.7,31.83,0.81,0,49489.4,-0.12,-0.01,-0.57,6.27,11.9,-1.7,60.63696,-146.00447,91.1,90,50283.4,32168,2.7,32,25,0,0,14.91,14.626,21.324,25.1,0
1/19/2024,3:12:40 PM,0,SBR1,90,9.03,6.23,750.4,31747.2,31.83,0.7,0,49492.7,-0.03,0.01,-0.55,6.27,11.9,-1.63,60.63696,-146.00447,91.2,90,50287.3,32170,2.4,31,25,0,0,15.089,14.72,21.461,25.1,0
1/19/2024,3:12:41 PM,0,SBR1,90,9.03,6.241,750.4,31741.1,31.82,0.74,0,49464.2,0.03,0.03,-0.43,6.27,11.9,-1.3,60.63696,-146.00447,91.2,90,50259,32152,2.3,32,25,0,0,15.171,14.791,21.564,25.1,0
1/19/2024,3:12:43 PM,0,SBR1,89.9,9.02,6.251,750.4,31760.3,31.83,0.75,0,49479.6,0.07,0.04,-0.29,6.27,11.9,-0.91,60.63696,-146.00447,91.1,89.9,50275.1,32162,2.7,31,25,0,0,15.401,14.903,21.727,25.1,0
1/19/2024,3:12:44 PM,0,SBR1,90,9.02,6.258,750.4,31792.4,31.86,0.75,0,49521.3,0.13,0.05,-0.5,6.27,11.9,-1.49,60.63696,-146.00447,91.2,90,50317.7,32189,2.7,31,25,0,0,15.643,15.723,22.923,25.1,0
1/19/2024,3:12:45 PM,0,SBR1,90,9.02,6.271,750.4,31795,31.85,0.76,0,49503.4,-0.01,0.02,-0.62,6.27,11.9,-1.83,60.63696,-146.00447,91.2,90,50300.2,32177,2.3,31,25,0,0,15.726,15.751,22.963,25.1,0
1/19/2024,3:12:48 PM,0,SBR1,90,9.01,6.295,750.5,31808.2,31.84,0.82,0,49489.4,-0.16,-0.02,-0.28,6.27,11.9,-0.89,60.63696,-146.00447,91.1,90,50287.1,32168,2,31,25,0,0,16.093,16.018,23.353,25.1,0
1/19/2024,3:12:49 PM,0,SBR1,89.9,9.01,6.303,750.4,31810.5,31.83,0.97,0,49480.8,-0.17,-0.02,-0.31,6.27,11.9,-0.95,60.63696,-146.00447,91.1,89.9,50278.7,32162,1.9,31,25,0,0,16.17,16.116,23.495,25.1,0
1/19/2024,3:12:50 PM,0,SBR1,89.9,9,6.31,750.5,31808,31.82,1,0,49467,-0.1,-0.01,-0.18,6.27,11.9,-0.6,60.63696,-146.00447,91.1,89.9,50265,32154,2.1,31,25,0,0,16.151,16.143,23.534,25.1,0
1/19/2024,3:12:52 PM,0,SBR1,89.9,9,6.319,750.7,31805.6,31.81,0.83,0,49450.2,0.01,0.02,-0.34,6.27,11.9,-1.04,60.63696,-146.00447,91,89.9,50248.3,32143,1.9,31,25,0,0,15.643,16.025,23.362,25.1,0
1/19/2024,3:12:53 PM,0,SBR1,89.9,8.99,6.321,750.4,31795.6,31.8,0.81,0,49431.2,0,0.02,-0.23,6.27,11.9,-0.74,60.63696,-146.00447,91,89.9,50229.2,32130,1.6,31,25,0,0,15.308,15.201,22.161,25.1,0
1/19/2024,3:12:54 PM,0,SBR1,89.8,8.99,6.321,750.7,31783.7,31.79,0.77,0,49411.8,0.05,0.03,-0.42,6.27,11.9,-1.27,60.63696,-146.00447,90.9,89.8,50209.5,32118,1.9,31,25,0,0,15.186,15.144,22.078,25.1,0
1/19/2024,3:12:55 PM,0,SBR1,89.7,8.98,6.319,750.4,31776.3,31.78,0.71,0,49403.4,-0.02,0.01,-0.45,6.27,11.9,-1.35,60.63696,-146.00449,90.9,89.7,50200.8,32112,1.8,31,25,0,0,15.077,14.96,21.809,25.1,0
1/19/2024,3:12:56 PM,0,SBR1,89.7,8.98,6.316,750.4,31764.5,31.77,0.74,0,49390.5,-0.03,0.01,-0.36,6.27,11.9,-1.09,60.63696,-146.00449,90.8,89.7,50187.5,32104,1.5,31,25,0,0,14.714,14.58,21.256,25.1,0
1/19/2024,3:12:57 PM,0,SBR1,89.7,8.98,6.311,750.4,31745,31.75,0.82,0,49366.2,-0.02,0.01,-0.42,6.27,11.9,-1.28,60.63696,-146.00449,90.8,89.7,50162.7,32088,1.2,32,25,0,0,14.317,14.412,21.01,25,0
1/19/2024,3:12:58 PM,0,SBR1,89.6,8.98,6.304,750.5,31730.4,31.74,0.78,0,49354.7,-0.04,0.01,-0.36,6.27,11.9,-1.1,60.63696,-146.00449,90.8,89.6,50150.6,32081,1.2,32,24.9,0,0,14.105,14.266,20.796,25,0
1/19/2024,3:12:59 PM,0,SBR1,89.6,8.98,6.296,750.3,31718.9,31.74,0.75,0,49347,0,0.02,-0.47,6.27,11.9,-1.42,60.63696,-146.00449,90.8,89.6,50142.5,32076,1.2,32,24.9,0,0,13.835,14.125,20.592,25,0
1/19/2024,3:13:00 PM,0,SBR1,89.6,8.98,6.288,750.4,31711,31.74,0.82,0,49347.9,0.05,0.03,-0.51,6.27,11.9,-1.52,60.63696,-146.00449,90.8,89.6,50143,32076,1.4,32,24.9,0,0,13.561,13.993,20.399,25,0
1/19/2024,3:13:01 PM,0,SBR1,89.6,8.98,6.28,750.4,31693.7,31.73,0.73,0,49331.6,0.09,0.04,-0.31,6.27,11.9,-0.98,60.63696,-146.00449,90.8,89.6,50126,32066,1.4,32,24.9,0,0,13.319,13.838,20.174,25,0
1/19/2024,3:13:02 PM,0,SBR1,89.6,8.98,6.271,750.5,31677.1,31.72,0.68,0,49320.8,0.02,0.02,-0.28,6.27,11.9,-0.89,60.63696,-146.00449,90.7,89.6,50114.6,32058,1.3,32,24.9,0,0,13.119,13.721,20.002,25,0
1/19/2024,3:13:03 PM,0,SBR1,89.6,8.98,6.257,750.4,31665.8,31.72,0.68,0,49320.7,-0.01,0.02,-0.32,6.27,11.9,-0.99,60.63696,-146.00449,90.7,89.6,50113.9,32058,1.3,32,24.9,0,0,12.856,12.737,18.568,25,0
1/19/2024,3:13:04 PM,0,SBR1,89.6,8.98,6.247,750.6,31654.8,31.72,0.56,0,49321,0.05,0.03,-0.24,6.27,11.9,-0.78,60.63696,-146.00447,90.7,89.6,50113.7,32059,1.2,32,24.9,0,0,12.617,12.443,18.139,25,0
1/19/2024,3:13:06 PM,0,SBR1,89.6,8.99,6.228,750.3,31668.4,31.75,0.7,0,49370.2,0.05,0.03,-0.35,6.27,11.9,-1.09,60.63696,-146.00447,90.8,89.6,50162.8,32091,0.9,32,25,0,0,12.167,12.137,17.694,25,0
1/19/2024,3:13:07 PM,0,SBR1,89.7,9,6.223,750.4,31676.8,31.76,0.77,0,49390,-0.08,0,-0.44,6.27,11.9,-1.32,60.63696,-146.00447,90.9,89.7,50182.7,32103,1.2,32,25,0,0,11.879,12.095,17.633,25.1,0
1/19/2024,3:13:08 PM,0,SBR1,89.7,9.01,6.222,750.5,31694,31.78,0.73,0,49418.2,0.01,0.02,-0.42,6.27,11.9,-1.27,60.63696,-146.00447,90.9,89.7,50211.4,32122,1.5,32,25,0,0,11.549,11.905,17.355,25.1,0
1/19/2024,3:13:09 PM,0,SBR1,89.8,9.01,6.225,750.7,31711.1,31.8,0.66,0,49440.2,0.04,0.03,-0.33,6.27,11.9,-1.02,60.63696,-146.00447,90.9,89.8,50233.8,32136,1.8,32,25,0,0,11.327,11.712,17.074,25.1,0
1/19/2024,3:13:10 PM,0,SBR1,89.8,9.01,6.232,750.5,31716.8,31.8,0.7,0,49440.9,-0.06,0,-0.25,6.27,11.9,-0.8,60.63696,-146.00447,91,89.8,50234.8,32137,2.3,32,25,0,0,10.999,10.791,15.732,25.1,0
1/19/2024,3:13:11 PM,0,SBR1,89.8,9.01,6.237,750.3,31723.1,31.8,0.65,0,49441.3,0,0.02,-0.45,6.27,11.9,-1.36,60.63696,-146.00447,91,89.8,50235.5,32137,2.6,32,25,0,0,10.687,10.515,15.329,25.1,0
1/19/2024,3:13:12 PM,0,SBR1,89.8,9.01,6.244,750.5,31731.6,31.8,0.64,0,49445.7,-0.05,0.01,-0.59,6.27,11.9,-1.76,60.63696,-146.00447,91,89.8,50240.2,32140,2.8,32,25,0,0,10.429,10.378,15.13,25.1,0
1/19/2024,3:13:13 PM,0,SBR1,89.9,9.01,6.251,750.4,31736.2,31.8,0.66,0,49441.3,-0.07,0,-0.51,6.27,11.9,-1.52,60.63696,-146.00447,91,89.9,50236.2,32137,3,32,25,0,0,10.317,10.294,15.007,25.1,0
1/19/2024,3:13:14 PM,0,SBR1,89.9,9.01,6.259,750.5,31737.1,31.8,0.66,0,49432.1,-0.09,0,-0.48,6.27,11.9,-1.44,60.63696,-146.00447,91,89.9,50227.2,32131,3.2,32,25,0,0,9.902,10.079,14.694,25.1,0
1/19/2024,3:13:15 PM,0,SBR1,89.8,9,6.265,750.4,31738.1,31.79,0.66,0,49423.8,-0.05,0.01,-0.49,6.27,11.9,-1.48,60.63696,-146.00447,91,89.8,50219,32125,3.3,32,25,0,0,9.719,9.838,14.343,25.1,0
1/19/2024,3:13:16 PM,0,SBR1,89.8,9,6.269,750.5,31737.9,31.79,0.73,0,49418,0.1,0.04,-0.46,6.27,11.9,-1.4,60.63696,-146.00447,90.9,89.8,50213.3,32122,3,32,25,0,0,9.529,9.724,14.176,25,0
1/19/2024,3:13:17 PM,0,SBR1,89.8,9,6.272,750.5,31738.7,31.79,0.73,0,49414.4,0.15,0.06,-0.36,6.27,11.9,-1.12,60.63696,-146.00447,90.9,89.8,50209.8,32119,2.8,32,25,0,0,9.087,9.561,13.939,25,0
1/19/2024,3:13:18 PM,0,SBR1,89.8,9,6.274,750.5,31741.6,31.79,0.67,0,49415.7,0.06,0.03,-0.41,6.27,11.9,-1.26,60.63696,-146.00449,90.9,89.8,50211.2,32120,2.6,32,25,0,0,8.823,8.648,12.607,25,0
1/19/2024,3:13:20 PM,0,SBR1,89.8,9,6.28,750.4,31744.8,31.79,0.67,0,49413.2,0.08,0.04,-0.39,6.27,11.9,-1.18,60.63696,-146.00449,90.9,89.8,50208.9,32119,2.3,32,25,0,0,8.506,8.326,12.138,25,0
1/19/2024,3:13:22 PM,0,SBR1,89.8,8.99,6.285,750.6,31748.2,31.79,0.64,0,49410.6,-0.06,0.01,-0.57,6.27,11.9,-1.69,60.63696,-146.00447,90.9,89.8,50206.5,32117,2.5,31,25,0,0,8.119,8.084,11.785,25,0
1/19/2024,3:13:24 PM,0,SBR1,89.7,8.99,6.288,750.5,31751,31.79,0.7,0,49409.8,-0.02,0.01,-0.45,6.27,11.9,-1.37,60.63696,-146.00447,90.9,89.7,50205.9,32116,2.4,31,25,0,0,7.62,7.942,11.578,25,0
1/19/2024,3:13:25 PM,0,SBR1,89.7,8.99,6.29,750.4,31751.9,31.79,0.74,0,49409.3,0.01,0.02,-0.47,6.27,11.9,-1.42,60.63696,-146.00447,90.9,89.7,50205.4,32116,2.4,31,25,0,0,7.356,7.77,11.327,25,0
1/19/2024,3:13:26 PM,0,SBR1,89.8,8.99,6.291,750.5,31750.6,31.78,0.77,0,49404.4,-0.06,0.01,-0.54,6.27,11.9,-1.62,60.63696,-146.00447,90.9,89.8,50200.5,32113,2.6,31,25,0,0,7.343,7.667,11.178,25,0
1/19/2024,3:13:27 PM,0,SBR1,89.7,8.99,6.292,750.4,31751.6,31.78,0.74,0,49405.5,0,0.02,-0.54,6.27,11.9,-1.61,60.63696,-146.00447,90.9,89.7,50201.7,32114,2.8,31,25,0,0,7.154,7.592,11.068,25,0
1/19/2024,3:13:28 PM,0,SBR1,89.7,8.99,6.293,750.4,31754,31.78,0.71,0,49407.8,0.02,0.03,-0.41,6.27,11.9,-1.25,60.63696,-146.00447,90.9,89.7,50204,32115,2.9,31,25,0,0,6.883,6.82,9.942,25,0
1/19/2024,3:13:30 PM,0,SBR1,89.7,8.99,6.296,750.2,31758.6,31.79,0.66,0,49410.6,-0.05,0.01,-0.37,6.27,11.9,-1.12,60.63696,-146.00447,90.9,89.7,50207,32117,3,31,25,0,0,6.769,6.74,9.826,25,0
1/19/2024,3:13:31 PM,0,SBR1,89.7,8.99,6.297,750.4,31758.2,31.79,0.66,0,49408.9,0.02,0.02,-0.41,6.27,11.9,-1.25,60.63696,-146.00447,90.9,89.7,50205.3,32116,3.2,31,25,0,0,6.48,6.596,9.616,25,0
1/19/2024,3:13:32 PM,0,SBR1,89.7,8.99,6.298,750.5,31759.9,31.79,0.73,0,49409.2,0,0.02,-0.35,6.27,11.9,-1.07,60.63696,-146.00447,90.9,89.7,50205.7,32116,3.2,31,25,0,0,6.212,6.347,9.252,25,0
1/19/2024,3:13:33 PM,0,SBR1,89.7,8.99,6.3,750.4,31771.4,31.8,0.69,0,49424.2,0.07,0.04,-0.33,6.27,11.9,-1.01,60.63696,-146.00447,90.9,89.7,50221,32126,3.3,31,25,0,0,6.088,6.207,9.049,25,0
1/19/2024,3:13:34 PM,0,SBR1,89.8,8.99,6.304,750.6,31783.9,31.81,0.65,0,49437.7,0.16,0.06,-0.31,6.27,11.9,-0.98,60.63696,-146.00447,90.9,89.8,50234.9,32134,3.3,31,25,0,0,6.086,6.166,8.989,25,0
1/19/2024,3:13:35 PM,0,SBR1,89.8,8.99,6.31,750.6,31788.1,31.81,0.66,0,49436.3,-0.03,0.01,-0.28,6.27,11.9,-0.89,60.63696,-146.00447,90.9,89.8,50233.8,32134,3.3,31,25,0,0,5.73,6.081,8.865,25,0
1/19/2024,3:13:36 PM,0,SBR1,89.8,8.99,6.316,750.4,31795.2,31.81,0.64,0,49438.1,-0.13,-0.01,-0.36,6.27,11.9,-1.11,60.63696,-146.00447,90.9,89.8,50235.9,32135,3.5,31,25,0,0,5.576,5.983,8.723,25,0
1/19/2024,3:13:38 PM,0,SBR1,89.7,8.98,6.328,750.5,31797.6,31.8,0.67,0,49423.9,-0.06,0,-0.34,6.27,11.9,-1.04,60.63696,-146.00446,90.9,89.7,50222,32126,3.8,31,25,0,0,5.295,5.822,8.488,25,0
1/19/2024,3:13:39 PM,0,SBR1,89.7,8.98,6.332,750.5,31789.3,31.79,0.65,0,49405.6,0.02,0.02,-0.33,6.27,11.9,-1.03,60.63696,-146.00446,90.8,89.7,50203.7,32114,4,31,25,0,0,5.041,4.928,7.184,25,0
1/19/2024,3:13:42 PM,0,SBR1,89.6,8.97,6.33,750.5,31748.4,31.74,0.74,0,49343.3,0.08,0.04,-0.44,6.27,11.9,-1.32,60.63697,-146.00446,90.7,89.6,50140.3,32073,4.5,31,24.9,0,0,4.442,4.559,6.646,25,0
1/19/2024,3:13:43 PM,0,SBR1,89.5,8.96,6.323,750.5,31714.8,31.71,0.58,0,49302.1,-0.06,0,-0.35,6.27,11.9,-1.09,60.63697,-146.00446,90.6,89.5,50098.1,32046,4.5,32,24.9,0,0,4.142,4.28,6.239,24.9,0
1/19/2024,3:13:44 PM,0,SBR1,89.5,8.96,6.309,750.5,31712.7,31.72,0.61,0,49316.7,-0.06,0.01,-0.14,6.27,11.9,-0.49,60.63697,-146.00446,90.6,89.5,50112.4,32056,4.6,32,24.9,0,0,3.944,4.12,6.006,25,0
1/19/2024,3:13:45 PM,0,SBR1,89.5,8.97,6.299,750.4,31725.4,31.75,0.69,0,49354.7,-0.04,0.01,-0.26,6.27,11.9,-0.82,60.63697,-146.00446,90.6,89.5,50150.4,32081,4.2,32,24.9,0,0,3.882,4.024,5.866,25,0
1/19/2024,3:13:46 PM,0,SBR1,89.5,8.97,6.292,750.3,31735.3,31.77,0.67,0,49379.3,0,0.02,-0.46,6.27,11.9,-1.39,60.63697,-146.00446,90.7,89.5,50175.1,32097,4,32,25,0,0,3.721,3.965,5.781,25,0
1/19/2024,3:13:47 PM,0,SBR1,89.6,8.97,6.29,750.4,31733,31.77,0.66,0,49379.3,0.04,0.03,-0.36,6.27,11.9,-1.1,60.63697,-146.00446,90.7,89.6,50175,32097,3.8,32,25,0,0,3.373,3.88,5.656,25,0
1/19/2024,3:13:48 PM,0,SBR1,89.5,8.97,6.288,750.4,31721.2,31.75,0.64,0,49363.9,-0.06,0.01,-0.29,6.27,11.9,-0.9,60.63696,-146.00446,90.7,89.5,50159.2,32087,3.8,32,25,0,0,3.156,2.995,4.366,25,0
1/19/2024,3:13:50 PM,0,SBR1,89.5,8.97,6.279,750.7,31710.6,31.75,0.59,0,49359.8,-0.08,0,-0.4,6.27,11.9,-1.21,60.63697,-146.00446,90.6,89.5,50154.7,32084,3.4,32,25,0,0,2.807,2.736,3.988,25,0
1/19/2024,3:13:51 PM,0,SBR1,89.5,8.97,6.276,750.7,31704.2,31.75,0.67,0,49355.3,-0.27,-0.05,-0.52,6.27,11.9,-1.55,60.63697,-146.00446,90.6,89.5,50149.9,32081,3.2,32,25,0,0,2.424,2.609,3.803,25,0
1/19/2024,3:13:53 PM,0,SBR1,89.5,8.97,6.263,750.6,31688.2,31.74,0.62,0,49347.9,-0.03,0.01,-0.57,6.27,11.9,-1.69,60.63697,-146.00446,90.6,89.5,50141.9,32076,3.1,32,24.9,0,0,1.87,2.081,3.034,25,0
1/19/2024,3:13:55 PM,0,SBR1,89.5,8.98,6.253,750.2,31685.7,31.75,0.64,0,49358.3,-0.03,0.01,-0.38,6.27,11.9,-1.16,60.63697,-146.00446,90.7,89.5,50152,32083,3.2,32,25,0,0,1.613,1.917,2.794,25,0
1/19/2024,3:13:56 PM,0,SBR1,89.5,8.97,6.249,750.3,31680.3,31.75,0.74,0,49356.7,0.05,0.03,-0.32,6.27,11.9,-1,60.63697,-146.00446,90.6,89.5,50150.1,32082,3.2,32,25,0,0,1.247,1.059,1.543,25,0
1/19/2024,3:13:57 PM,0,SBR1,89.5,8.98,6.245,750.3,31686.4,31.76,0.72,0,49371.7,0.04,0.03,-0.11,6.27,11.9,-0.41,60.63697,-146.00446,90.6,89.5,50165.1,32092,3.2,32,25,0,0,1.059,0.988,1.44,25,0
1/19/2024,3:13:58 PM,0,SBR1,89.5,8.98,6.244,750.8,31707.4,31.78,0.63,0,49406.7,0.03,0.03,-0.21,6.27,11.9,-0.69,60.63697,-146.00446,90.6,89.5,50200.7,32114,3.2,32,25,0,0,0.89,0.84,1.224,25,0
1/19/2024,3:13:59 PM,0,SBR1,89.6,8.98,6.246,750.4,31706.6,31.78,0.62,0,49403,0.02,0.02,-0.34,6.27,11.9,-1.06,60.63697,-146.00446,90.7,89.6,50197,32112,3.2,32,25,0,0,0.728,0.667,0.972,25,0
1/19/2024,3:14:00 PM,0,SBR1,89.6,8.99,6.248,750.5,31708.8,31.78,0.71,0,49402.8,-0.05,0.01,-0.4,6.27,11.9,-1.21,60.63697,-146.00446,90.7,89.6,50196.9,32112,3.1,32,25,0,0,0.537,0.579,0.845,25,0
1/19/2024,3:14:01 PM,0,SBR1,89.7,8.99,6.25,750.5,31734.6,31.81,0.72,0,49440.4,0.02,0.02,-0.54,6.27,11.9,-1.62,60.63697,-146.00446,90.8,89.7,50235.2,32136,3.1,32,25,0,0,0.484,0.506,0.738,25,0
1/19/2024,3:14:02 PM,0,SBR1,89.7,9,6.258,750.5,31757.5,31.82,0.66,0,49465,0.11,0.05,-0.56,6.27,11.9,-1.66,60.63697,-146.00446,90.9,89.7,50260.5,32152,3.4,31,25,0,0,0.44,0.479,0.699,25,0
1/19/2024,3:14:03 PM,0,SBR1,89.7,9,6.269,750.5,31765.6,31.82,0.68,0,49463.1,0.04,0.03,-0.34,6.27,11.9,-1.06,60.63697,-146.00446,90.9,89.7,50259.1,32151,3.5,31,25,0,0,0.453,0.468,0.682,25,0
1/19/2024,3:14:05 PM,0,SBR1,89.7,8.99,6.286,750.5,31773.1,31.82,0.7,0,49449.4,0.04,0.03,-0.34,6.27,11.9,-1.04,60.63696,-146.00446,90.9,89.7,50246,32142,3.7,31,25,0,0,0.424,0.461,0.672,25,0
1/19/2024,3:14:06 PM,0,SBR1,89.7,8.99,6.29,750.5,31768.2,31.81,0.63,0,49435.4,0.01,0.02,-0.26,6.27,11.9,-0.83,60.63696,-146.00446,90.9,89.7,50231.9,32133,3.7,31,25,0,0,0.47,0.461,0.672,25,0
1/19/2024,3:14:08 PM,0,SBR1,89.6,8.98,6.3,750.3,31748.5,31.78,0.68,0,49389.2,0.09,0.04,-0.49,6.27,11.9,-1.47,60.63696,-146.00446,90.8,89.6,50185.5,32103,3.6,31,25,0,0,0.436,0.457,0.667,25,0
1/19/2024,3:14:09 PM,0,SBR1,89.5,8.97,6.298,750.3,31725.5,31.75,0.67,0,49356,0.24,0.08,-0.56,6.27,11.9,-1.67,60.63696,-146.00446,90.7,89.5,50151.7,32081,3.6,32,25,0,0,0.477,0.463,0.674,25,0
1/19/2024,3:14:10 PM,0,SBR1,89.5,8.97,6.29,750.5,31723.4,31.76,0.65,0,49363.4,0.15,0.06,-0.58,6.27,11.9,-1.73,60.63696,-146.00446,90.6,89.5,50158.8,32086,3.3,32,25,0,0,0.459,0.457,0.666,25,0
1/19/2024,3:14:11 PM,0,SBR1,89.5,8.97,6.284,750.5,31724.4,31.76,0.63,0,49374.1,0.14,0.06,-0.48,6.27,11.9,-1.45,60.63696,-146.00446,90.6,89.5,50169.5,32093,3.4,32,25,0,0,0.483,0.461,0.672,25,0
1/19/2024,3:14:12 PM,0,SBR1,89.5,8.97,6.279,750.5,31718.7,31.76,0.62,0,49372,0.09,0.04,-0.36,6.27,11.9,-1.1,60.63696,-146.00446,90.6,89.5,50167,32092,3.1,32,25,0,0,0.392,0.454,0.662,25,0
1/19/2024,3:14:13 PM,0,SBR1,89.5,8.97,6.276,750.3,31714.3,31.76,0.57,0,49370.1,-0.04,0.01,-0.28,6.27,11.9,-0.89,60.63696,-146.00446,90.7,89.5,50165,32091,3,32,25,0,0,0.505,0.458,0.668,25,0
1/19/2024,3:14:14 PM,0,SBR1,89.5,8.97,6.274,750.3,31716.7,31.76,0.56,0,49377.6,-0.01,0.02,-0.49,6.27,11.9,-1.46,60.63696,-146.00446,90.7,89.5,50172.5,32095,3,32,25,0,0,0.42,0.456,0.665,25,0
1/19/2024,3:14:15 PM,0,SBR1,89.5,8.97,6.272,750.6,31716.1,31.77,0.69,0,49379.2,0.02,0.02,-0.59,6.27,11.9,-1.75,60.63696,-146.00446,90.6,89.5,50174,32096,2.6,32,25,0,0,0.458,0.454,0.662,25,0
1/19/2024,2:46:25 PM,0,SBR1,89.8,9.01,6.242,751,31698.8,31.77,0.54,0,49397.1,-0.12,-0.01,-0.44,6.27,11.9,-1.33,60.637,-146.00453,90.9,89.8,50190.8,32108,-4.5,32,25,0,0,15.269,15.231,22.205,25.1,0
1/19/2024,2:46:26 PM,0,SBR1,89.8,9.01,6.241,751.1,31699.6,31.77,0.52,0,49398.7,-0.03,0.01,-0.34,6.27,11.9,-1.06,60.637,-146.00455,90.9,89.8,50192.4,32109,-4.1,32,25,0,0,15.362,15.242,22.22,25.1,0
1/19/2024,2:46:28 PM,0,SBR1,89.8,9.01,6.241,750.7,31697.6,31.77,0.62,0,49395.7,0.01,0.02,-0.47,6.27,11.9,-1.4,60.637,-146.00455,90.9,89.8,50189.3,32107,-3.2,32,25,0,0,15.305,15.255,22.239,25.1,0
1/19/2024,2:46:29 PM,0,SBR1,89.8,9.01,6.24,751.2,31698.8,31.77,0.67,0,49398.9,0.08,0.04,-0.46,6.27,11.9,-1.39,60.637,-146.00453,90.9,89.8,50192.5,32109,-3.3,32,25,0,0,15.412,15.267,22.257,25.1,0
1/19/2024,2:46:30 PM,0,SBR1,89.8,9.01,6.24,751.2,31699.4,31.77,0.67,0,49399.8,0.01,0.02,-0.42,6.27,11.9,-1.28,60.637,-146.00453,90.9,89.8,50193.5,32110,-3.4,32,25,0,0,15.288,15.269,22.259,25.1,0
1/19/2024,2:46:31 PM,0,SBR1,89.8,9.01,6.241,751.2,31698.1,31.77,0.59,0,49397.1,-0.08,0,-0.41,6.27,11.9,-1.25,60.637,-146.00452,90.9,89.8,50190.7,32108,-3.6,32,25,0,0,15.404,15.277,22.272,25.1,0
1/19/2024,2:46:32 PM,0,SBR1,89.8,9.01,6.24,750.7,31698.4,31.77,0.6,0,49398.5,0.02,0.02,-0.44,6.27,11.9,-1.33,60.637,-146.00453,90.9,89.8,50192.1,32109,-3.3,32,25,0,0,15.329,15.281,22.277,25.1,0
1/19/2024,2:46:33 PM,0,SBR1,89.8,9.01,6.24,750.6,31697.8,31.77,0.7,0,49397.8,0.04,0.03,-0.38,6.27,11.9,-1.17,60.637,-146.00452,90.9,89.8,50191.5,32109,-3.5,32,25,0,0,15.302,15.28,22.276,25.1,0
1/19/2024,2:46:34 PM,0,SBR1,89.8,9.01,6.239,750.9,31696.3,31.77,0.65,0,49396.4,-0.1,0,-0.37,6.27,11.9,-1.13,60.637,-146.00453,90.9,89.8,50189.9,32108,-3.2,32,25,0,0,15.194,15.282,22.278,25.1,0
1/19/2024,2:46:35 PM,0,SBR1,89.8,9.01,6.239,751,31696.4,31.77,0.61,0,49396.7,-0.06,0.01,-0.38,6.27,11.9,-1.16,60.637,-146.00453,90.9,89.8,50190.3,32108,-3.2,32,25,0,0,14.888,15.269,22.26,25.1,0
1/19/2024,2:46:36 PM,0,SBR1,89.8,9.01,6.239,750.6,31696.5,31.77,0.66,0,49397.1,0.04,0.03,-0.32,6.27,11.9,-0.99,60.637,-146.00453,90.9,89.8,50190.7,32108,-3.2,32,25,0,0,14.714,14.702,21.432,25.1,0
1/19/2024,2:46:37 PM,0,SBR1,89.8,9.01,6.239,750.7,31697.4,31.77,0.7,0,49398.6,0,0.02,-0.48,6.27,11.9,-1.45,60.637,-146.00453,90.9,89.8,50192.2,32109,-3.1,32,25,0,0,14.589,14.483,21.114,25.1,0
1/19/2024,2:46:38 PM,0,SBR1,89.8,9.01,6.239,750.6,31698.4,31.77,0.63,0,49400.1,-0.21,-0.03,-0.51,6.27,11.9,-1.53,60.637,-146.00453,90.9,89.8,50193.8,32110,-3,32,25,0,0,14.421,14.363,20.939,25.1,0
1/19/2024,2:46:40 PM,0,SBR1,89.8,9.01,6.24,751,31697.6,31.77,0.66,0,49398.2,-0.18,-0.03,-0.39,6.27,11.9,-1.19,60.637,-146.00453,90.9,89.8,50191.8,32109,-3.1,32,25,0,0,14.195,14.304,20.852,25.1,0
1/19/2024,2:46:41 PM,0,SBR1,89.9,9.01,6.24,751,31701,31.77,0.59,0,49403.4,-0.09,0,-0.5,6.27,11.9,-1.49,60.637,-146.00453,90.9,89.9,50197.1,32112,-3.1,32,25,0,0,13.982,14.024,20.444,25.1,0
1/19/2024,2:46:42 PM,0,SBR1,89.9,9.01,6.241,751,31704.2,31.78,0.63,0,49406.7,-0.08,0,-0.52,6.27,11.9,-1.55,60.637,-146.00453,90.9,89.9,50200.5,32114,-3.1,32,25,0,0,13.537,13.927,20.303,25.1,0
1/19/2024,2:46:43 PM,0,SBR1,89.9,9.01,6.242,750.7,31707.8,31.78,0.65,0,49410.3,-0.1,0,-0.44,6.27,11.9,-1.34,60.637,-146.00453,91,89.9,50204.2,32117,-3.6,32,25,0,0,13.36,13.792,20.107,25.1,0
1/19/2024,2:46:44 PM,0,SBR1,89.9,9.01,6.244,750.7,31711,31.78,0.63,0,49412.7,0.05,0.03,-0.37,6.27,11.9,-1.13,60.637,-146.00455,91,89.9,50206.8,32118,-3.8,32,25,0,0,13.249,13.695,19.965,25.1,0
1/19/2024,2:46:45 PM,0,SBR1,89.9,9.01,6.246,750.8,31712.1,31.78,0.63,0,49411.2,0.01,0.02,-0.5,6.27,11.9,-1.51,60.637,-146.00455,91,89.9,50205.3,32117,-4,32,25,0,0,12.864,12.728,18.556,25.1,0
1/19/2024,2:46:46 PM,0,SBR1,89.9,9.01,6.248,750.9,31713.2,31.78,0.65,0,49409.9,0.08,0.04,-0.46,6.27,11.9,-1.38,60.637,-146.00456,90.9,89.9,50204.1,32116,-4.3,32,25,0,0,12.688,12.611,18.385,25.1,0
1/19/2024,2:46:48 PM,0,SBR1,89.8,9.01,6.251,751.1,31712.3,31.78,0.54,0,49404.2,0.01,0.02,-0.41,6.27,11.9,-1.26,60.63701,-146.00456,90.9,89.8,50198.4,32113,-5.1,32,25,0,0,12.299,12.3,17.931,25.1,0
1/19/2024,2:46:49 PM,0,SBR1,89.9,9.01,6.252,751.1,31712,31.77,0.65,0,49402.8,-0.03,0.01,-0.52,6.27,11.9,-1.57,60.63701,-146.00456,90.9,89.9,50197.1,32112,-5,32,25,0,0,11.981,12.196,17.78,25.1,0
1/19/2024,2:46:50 PM,0,SBR1,89.9,9.01,6.252,751.1,31712.7,31.77,0.7,0,49402.9,-0.09,0,-0.49,6.27,11.9,-1.46,60.63701,-146.00458,90.9,89.9,50197.2,32112,-5.3,32,25,0,0,11.688,11.965,17.444,25.1,0
1/19/2024,2:46:51 PM,0,SBR1,89.8,9.01,6.254,750.9,31715.2,31.78,0.67,0,49404.9,-0.12,-0.01,-0.5,6.27,11.9,-1.51,60.63701,-146.00456,90.9,89.8,50199.3,32113,-5.2,32,25,0,0,11.609,11.839,17.259,25.1,0
1/19/2024,2:46:54 PM,0,SBR1,89.9,9.01,6.258,751,31724.7,31.78,0.71,0,49413.9,-0.06,0.01,-0.59,6.27,11.9,-1.75,60.63701,-146.00456,90.9,89.9,50208.6,32119,-5.9,32,25,0,0,11.043,11.036,16.089,25.1,0
1/19/2024,2:46:55 PM,0,SBR1,89.9,9.01,6.26,750.7,31725.4,31.78,0.73,0,49411.5,0.05,0.03,-0.5,6.27,11.9,-1.51,60.63701,-146.00456,91,89.9,50206.3,32117,-5.9,32,25,0,0,10.75,10.564,15.401,25.1,0
1/19/2024,2:46:56 PM,0,SBR1,89.9,9.01,6.262,751.1,31725,31.78,0.74,0,49407.9,0.22,0.07,-0.52,6.27,11.9,-1.56,60.63701,-146.00456,90.9,89.9,50202.7,32115,-6,32,25,0,0,10.521,10.454,15.24,25,0
1/19/2024,2:46:57 PM,0,SBR1,89.8,9.01,6.264,750.8,31726.6,31.78,0.77,0,49408.3,0.14,0.05,-0.61,6.27,11.9,-1.81,60.63701,-146.00456,90.9,89.8,50203.2,32115,-5.7,32,25,0,0,10.36,10.407,15.172,25,0
1/19/2024,2:46:58 PM,0,SBR1,89.9,9.01,6.265,750.8,31729.1,31.78,0.69,0,49410.3,-0.01,0.02,-0.6,6.27,11.9,-1.79,60.63701,-146.00456,91,89.9,50205.3,32117,-5.7,32,25,0,0,10.269,10.345,15.081,25,0
1/19/2024,2:46:59 PM,0,SBR1,89.8,9,6.267,750.9,31729.6,31.78,0.65,0,49408.6,-0.01,0.02,-0.62,6.27,11.9,-1.82,60.63701,-146.00458,90.9,89.8,50203.6,32116,-5.6,32,25,0,0,9.942,10.236,14.923,25,0
1/19/2024,2:47:00 PM,0,SBR1,89.8,9,6.268,750.8,31730.5,31.78,0.65,0,49407.1,-0.08,0,-0.73,6.27,11.9,-2.14,60.63701,-146.00458,90.9,89.8,50202.2,32115,-5.7,32,25,0,0,9.813,10.126,14.762,25,0
1/19/2024,2:47:01 PM,0,SBR1,89.8,9,6.27,751.1,31733.3,31.78,0.59,0,49409.1,-0.1,-0.01,-0.73,6.27,11.9,-2.13,60.63701,-146.00458,90.9,89.8,50204.4,32116,-5.4,32,25,0,0,9.682,10.036,14.63,25,0
1/19/2024,2:47:04 PM,0,SBR1,89.8,9,6.274,751.2,31735.4,31.78,0.7,0,49406.4,0,0.02,-0.46,6.27,11.9,-1.39,60.63702,-146.0046,90.9,89.8,50201.8,32114,-5.9,32,25,0,0,9.032,9.007,13.131,25,0
1/19/2024,2:47:05 PM,0,SBR1,89.8,9,6.275,750.7,31735,31.78,0.66,0,49403.8,0.13,0.05,-0.26,6.27,11.9,-0.84,60.63702,-146.0046,91,89.8,50199.2,32112,-6.4,32,25,0,0,8.88,8.729,12.725,25,0
1/19/2024,2:47:07 PM,0,SBR1,89.8,9,6.278,750.7,31744.9,31.79,0.63,0,49415,0.04,0.03,-0.4,6.27,11.9,-1.2,60.63702,-146.0046,91,89.8,50210.7,32120,-6.2,32,25,0,0,8.447,8.48,12.363,25,0
1/19/2024,2:47:08 PM,0,SBR1,89.8,9,6.281,750.5,31745.4,31.79,0.66,0,49411.4,-0.16,-0.02,-0.48,6.27,11.9,-1.43,60.63702,-146.0046,91,89.8,50207.2,32117,-6,32,25,0,0,8.337,8.431,12.291,25,0
1/19/2024,2:47:09 PM,0,SBR1,89.8,9,6.283,751.1,31746,31.78,0.67,0,49409.4,-0.18,-0.02,-0.49,6.27,11.9,-1.46,60.63702,-146.0046,90.9,89.8,50205.3,32116,-6.1,32,25,0,0,8.127,8.352,12.175,25,0
1/19/2024,2:47:10 PM,0,SBR1,89.8,9,6.285,750.7,31748,31.79,0.74,0,49410,-0.02,0.01,-0.6,6.27,11.9,-1.77,60.63702,-146.0046,90.9,89.8,50205.9,32116,-6,31,25,0,0,7.898,8.249,12.026,25,0
1/19/2024,2:47:11 PM,0,SBR1,89.9,9,6.287,750.7,31755.6,31.79,0.73,0,49418.9,-0.03,0.01,-0.64,6.27,11.9,-1.9,60.63702,-146.0046,91,89.9,50215.1,32122,-6.1,31,25,0,0,7.883,8.154,11.888,25,0
1/19/2024,2:47:12 PM,0,SBR1,89.9,9,6.291,750.8,31757.3,31.79,0.65,0,49416.8,-0.05,0.01,-0.59,6.27,11.9,-1.75,60.63702,-146.0046,91,89.9,50213.1,32121,-6.3,31,25,0,0,7.667,8.091,11.795,25,0
1/19/2024,2:47:14 PM,0,SBR1,89.8,9,6.295,750.9,31751.4,31.78,0.83,0,49400.4,0,0.02,-0.55,6.27,11.9,-1.64,60.63701,-146.00458,90.9,89.8,50196.7,32110,-5.4,31,25,0,0,7.42,7.939,11.574,25,0
1/19/2024,2:47:16 PM,0,SBR1,89.8,8.99,6.296,750.9,31750.7,31.78,0.67,0,49397.8,-0.05,0.01,-0.44,6.27,11.9,-1.33,60.63701,-146.00456,90.9,89.8,50194,32109,-4.6,31,25,0,0,7.042,6.916,10.083,25,0
1/19/2024,2:47:17 PM,0,SBR1,89.8,9,6.296,750.9,31751.1,31.78,0.76,0,49399.1,-0.15,-0.02,-0.36,6.27,11.9,-1.11,60.63701,-146.00456,90.9,89.8,50195.4,32109,-4.3,31,25,0,0,6.839,6.756,9.848,25,0
1/19/2024,2:47:18 PM,0,SBR1,89.8,9,6.295,750.6,31752.7,31.78,0.73,0,49401.8,-0.15,-0.02,-0.34,6.27,11.9,-1.06,60.63701,-146.00456,90.9,89.8,50198.1,32111,-4.1,31,25,0,0,6.654,6.567,9.573,25,0
1/19/2024,2:47:22 PM,0,SBR1,89.8,9,6.301,750.6,31775.1,31.8,0.66,0,49427.9,-0.01,0.02,-0.55,6.27,11.9,-1.65,60.63701,-146.00456,91,89.8,50224.9,32128,-3.4,31,25,0,0,5.878,6.131,8.939,25,0
1/19/2024,2:47:23 PM,0,SBR1,89.8,9,6.306,750.5,31780.1,31.8,0.69,0,49429.6,0.06,0.03,-0.49,6.27,11.9,-1.48,60.63701,-146.00456,91,89.8,50226.8,32129,-2.8,31,25,0,0,5.402,5.292,7.715,25,0
1/19/2024,2:47:24 PM,0,SBR1,89.8,9,6.311,750.8,31785.9,31.8,0.65,0,49430.8,0.09,0.04,-0.55,6.27,11.9,-1.63,60.63701,-146.00456,90.9,89.8,50228.3,32130,-2.8,31,25,0,0,5.331,5.275,7.69,25,0
1/19/2024,2:47:25 PM,0,SBR1,89.8,8.99,6.317,750.6,31784.1,31.8,0.74,0,49419.9,0.09,0.04,-0.53,6.27,11.9,-1.59,60.63702,-146.00456,91,89.8,50217.5,32123,-2.8,31,25,0,0,5.203,5.159,7.521,25,0
1/19/2024,2:47:26 PM,0,SBR1,89.8,8.99,6.321,750.8,31782.9,31.79,0.7,0,49411.6,0.15,0.06,-0.44,6.27,11.9,-1.33,60.63702,-146.00456,90.9,89.8,50209.2,32118,-2.9,31,25,0,0,5.11,5.126,7.473,25,0
1/19/2024,2:47:28 PM,0,SBR1,89.8,8.99,6.326,750.6,31800.3,31.81,0.7,0,49430.4,0.01,0.02,-0.42,6.27,11.9,-1.28,60.63702,-146.00456,90.9,89.8,50228.6,32130,-2.9,31,25,0,0,4.71,4.798,6.995,25,0
1/19/2024,2:47:29 PM,0,SBR1,89.8,8.99,6.331,750.7,31802.9,31.8,0.71,0,49428.4,-0.06,0,-0.49,6.27,11.9,-1.48,60.63702,-146.00456,90.9,89.8,50226.7,32128,-3,31,25,0,0,4.536,4.728,6.893,25,0
1/19/2024,2:47:30 PM,0,SBR1,89.8,8.99,6.335,750.8,31807.3,31.81,0.63,0,49428.1,-0.18,-0.02,-0.58,6.27,11.9,-1.73,60.63702,-146.00458,90.9,89.8,50226.6,32128,-3.1,31,25,0,0,4.243,4.626,6.744,25,0
1/19/2024,2:47:31 PM,0,SBR1,89.8,8.98,6.34,750.8,31809.4,31.8,0.58,0,49425.3,-0.12,-0.01,-0.48,6.27,11.9,-1.44,60.63702,-146.00458,90.9,89.8,50224,32126,-3.1,31,25,0,0,3.924,3.78,5.51,25,0
1/19/2024,2:47:34 PM,0,SBR1,89.8,8.98,6.35,750.7,31811,31.8,0.62,0,49412.2,-0.06,0.01,-0.44,6.27,11.9,-1.32,60.63702,-146.0046,90.9,89.8,50211.1,32118,-3.2,31,25,0,0,3.354,3.313,4.829,25,0
1/19/2024,2:47:37 PM,0,SBR1,89.7,8.97,6.355,750.7,31806.8,31.79,0.61,0,49398.3,-0.16,-0.02,-0.5,6.27,11.9,-1.49,60.63702,-146.0046,90.8,89.7,50197.3,32109,-3.3,31,25,0,0,2.945,3.124,4.554,25,0
1/19/2024,2:47:38 PM,0,SBR1,89.7,8.97,6.355,750.6,31803.3,31.78,0.71,0,49393,0,0.02,-0.47,6.27,11.9,-1.42,60.63702,-146.00458,90.8,89.7,50191.9,32105,-3.5,31,25,0,0,2.705,3.027,4.412,25,0
1/19/2024,2:47:39 PM,0,SBR1,89.7,8.97,6.355,750.7,31804.7,31.79,0.77,0,49395.9,0,0.02,-0.43,6.27,11.9,-1.31,60.63702,-146.00456,90.8,89.7,50194.8,32107,-3.1,31,25,0,0,2.524,2.922,4.259,25,0
1/19/2024,2:47:40 PM,0,SBR1,89.7,8.97,6.355,750.8,31806.5,31.79,0.79,0,49398.2,0.02,0.03,-0.34,6.27,11.9,-1.04,60.63702,-146.00458,90.8,89.7,50197.1,32109,-3.1,31,25,0,0,2.206,2.025,2.952,25,0
1/19/2024,2:47:41 PM,0,SBR1,89.7,8.97,6.355,750.5,31804.1,31.78,0.73,0,49393.8,-0.05,0.01,-0.36,6.27,11.9,-1.11,60.63702,-146.00456,90.8,89.7,50192.7,32106,-3.1,31,25,0,0,1.991,1.965,2.864,25,0
1/19/2024,2:47:44 PM,0,SBR1,89.4,8.94,6.336,750.7,31702,31.69,0.59,0,49260.5,-0.13,-0.01,-0.39,6.27,11.9,-1.2,60.63702,-146.00455,90.5,89.4,50056.4,32019,-2.3,32,24.9,0,0,1.327,1.298,1.893,24.9,0
1/19/2024,2:47:46 PM,0,SBR1,89.4,8.96,6.295,750.8,31687.1,31.71,0.61,0,49300.5,-0.23,-0.04,-0.48,6.27,11.9,-1.43,60.63701,-146.00455,90.5,89.4,50095.2,32045,-1.7,32,24.9,0,0,1.021,1.218,1.775,24.9,0
1/19/2024,2:47:48 PM,0,SBR1,89.5,8.97,6.274,750.7,31694.1,31.74,0.65,0,49342.2,-0.02,0.02,-0.67,6.27,11.9,-1.98,60.63702,-146.00455,90.6,89.5,50136.5,32072,-1.5,32,24.9,0,0,0.697,1.031,1.502,25,0
1/19/2024,2:47:49 PM,0,SBR1,89.5,8.97,6.266,750.9,31683.4,31.73,0.7,0,49335.7,-0.2,-0.03,-0.52,6.27,11.9,-1.55,60.63702,-146.00455,90.6,89.5,50129.6,32068,-1.8,32,24.9,0,0,0.721,0.972,1.417,24.9,0
1/19/2024,2:47:50 PM,0,SBR1,89.5,8.97,6.259,750.8,31679.4,31.74,0.64,0,49341.1,-0.39,-0.08,-0.52,6.27,11.9,-1.55,60.63702,-146.00456,90.5,89.5,50134.7,32072,-2.1,32,24.9,0,0,0.439,0.911,1.328,25,0
1/19/2024,2:47:51 PM,0,SBR1,89.4,8.97,6.252,750.7,31672.1,31.73,0.58,0,49339.4,-0.21,-0.03,-0.4,6.27,11.9,-1.22,60.63702,-146.00456,90.5,89.4,50132.7,32071,-2.3,32,24.9,0,0,0.295,0.829,1.208,24.9,0
1/19/2024,2:47:53 PM,0,SBR1,89.5,8.98,6.236,750.8,31656.5,31.73,0.63,0,49337.3,-0.03,0.01,-0.53,6.27,11.9,-1.58,60.63702,-146.00456,90.6,89.5,50129.9,32069,-2.6,32,24.9,0,0,0.098,0.687,1.001,24.9,0
1/19/2024,2:47:54 PM,0,SBR1,89.5,8.98,6.23,751.2,31657.8,31.74,0.66,0,49349.8,-0.05,0.01,-0.4,6.27,11.9,-1.21,60.63701,-146.00456,90.5,89.5,50142.2,32077,-2.8,32,25,0,0,0.074,0.63,0.918,25,0
1/19/2024,2:47:55 PM,0,SBR1,89.5,8.98,6.224,751.2,31657.2,31.74,0.6,0,49357.1,-0.08,0,-0.35,6.27,11.9,-1.07,60.63701,-146.00456,90.5,89.5,50149.4,32082,-2.7,32,25,0,0,0.004,0.577,0.841,25,0
1/19/2024,2:47:56 PM,0,SBR1,89.5,8.99,6.22,751,31667.6,31.76,0.68,0,49380.5,-0.14,-0.01,-0.49,6.27,11.9,-1.47,60.63701,-146.00456,90.6,89.5,50172.9,32097,-2.9,32,25,0,0,0.042,0.525,0.766,25,0
1/19/2024,2:47:58 PM,0,SBR1,89.6,8.99,6.221,750.7,31674.4,31.77,0.55,0,49388.9,-0.12,-0.01,-0.53,6.27,11.9,-1.59,60.637,-146.00456,90.7,89.6,50181.5,32103,-3.7,32,25,0,0,0.129,0.472,0.688,25,0
1/19/2024,2:47:59 PM,0,SBR1,89.6,8.99,6.222,750.8,31670.8,31.76,0.61,0,49382.8,-0.21,-0.03,-0.45,6.27,11.9,-1.35,60.637,-146.00456,90.7,89.6,50175.3,32099,-3.8,32,25,0,0,0.185,0.455,0.663,25,0
1/19/2024,2:48:00 PM,0,SBR1,89.6,8.99,6.221,750.8,31667.8,31.76,0.62,0,49378.5,-0.23,-0.04,-0.46,6.27,11.9,-1.37,60.637,-146.00456,90.7,89.6,50171,32096,-4,32,25,0,0,0.152,0.433,0.631,25,0
1/19/2024,2:48:01 PM,0,SBR1,89.6,8.99,6.22,750.8,31672.9,31.77,0.6,0,49388.5,-0.21,-0.03,-0.52,6.27,11.9,-1.55,60.637,-146.00456,90.7,89.6,50181,32103,-4.2,32,25,0,0,0.206,0.421,0.613,25,0
1/19/2024,2:48:02 PM,0,SBR1,89.6,9,6.219,750.8,31674.2,31.77,0.5,0,49391.5,-0.2,-0.03,-0.55,6.27,11.9,-1.65,60.637,-146.00456,90.7,89.6,50184,32104,-4.2,32,25,0,0,0.218,0.41,0.598,25,0
1/19/2024,2:48:03 PM,0,SBR1,89.6,8.99,6.219,750.8,31666.1,31.76,0.57,0,49378.7,-0.17,-0.02,-0.47,6.27,11.9,-1.41,60.637,-146.00456,90.7,89.6,50171.1,32096,-4.5,32,25,0,0,0.338,0.406,0.592,25,0
1/19/2024,2:48:05 PM,0,SBR1,89.6,8.99,6.216,750.9,31657.4,31.75,0.62,0,49370.3,-0.04,0.01,-0.41,6.27,11.9,-1.24,60.63701,-146.00458,90.7,89.6,50162.3,32091,-4.4,32,25,0,0,0.412,0.402,0.587,25,0
1/19/2024,2:48:06 PM,0,SBR1,89.6,8.99,6.213,750.7,31654.4,31.75,0.59,0,49369.5,-0.1,0,-0.48,6.27,11.9,-1.44,60.637,-146.00458,90.7,89.6,50161.4,32090,-4.8,32,25,0,0,0.421,0.404,0.589,25,0
1/19/2024,2:48:07 PM,0,SBR1,89.6,8.99,6.21,750.7,31655.6,31.76,0.61,0,49376.1,-0.14,-0.02,-0.44,6.27,11.9,-1.32,60.63701,-146.00458,90.7,89.6,50168,32094,-4.8,32,25,0,0,0.387,0.402,0.587,25,0
1/19/2024,2:48:08 PM,0,SBR1,89.6,9,6.208,750.8,31658.8,31.76,0.65,0,49383.2,-0.07,0,-0.41,6.27,11.9,-1.26,60.637,-146.00458,90.7,89.6,50175.1,32099,-4.6,32,25,0,0,0.455,0.406,0.592,25,0
1/19/2024,2:48:09 PM,0,SBR1,89.6,9,6.207,750.7,31660.7,31.76,0.59,0,49387.9,0.11,0.05,-0.59,6.27,11.9,-1.76,60.637,-146.00458,90.7,89.6,50179.8,32102,-4.5,32,25,0,0,0.396,0.405,0.59,25,0
1/19/2024,2:48:10 PM,0,SBR1,89.6,9,6.207,751,31661,31.77,0.5,0,49389,0.07,0.04,-0.62,6.27,11.9,-1.82,60.637,-146.00456,90.7,89.6,50180.9,32103,-4.4,32,25,0,0,0.464,0.407,0.594,25,0
1/19/2024,2:48:11 PM,0,SBR1,89.6,9,6.207,751,31660.1,31.76,0.55,0,49387.7,-0.15,-0.02,-0.5,6.27,11.9,-1.5,60.637,-146.00456,90.7,89.6,50179.6,32102,-4.4,32,25,0,0,0.434,0.408,0.595,25,0
1/19/2024,2:48:12 PM,0,SBR1,89.6,9,6.206,750.9,31659.3,31.76,0.69,0,49387.1,-0.18,-0.02,-0.46,6.27,11.9,-1.4,60.637,-146.00456,90.7,89.6,50178.9,32102,-4.3,32,25,0,0,0.436,0.409,0.596,25,0
1/19/2024,2:48:13 PM,0,SBR1,89.6,9,6.206,751.1,31658.5,31.76,0.68,0,49386.2,-0.19,-0.03,-0.45,6.27,11.9,-1.37,60.637,-146.00456,90.7,89.6,50178,32101,-4.2,32,25,0,0,0.458,0.411,0.599,25,0
1/19/2024,2:48:15 PM,0,SBR1,89.6,9,6.206,750.7,31659.7,31.76,0.7,0,49388.2,-0.24,-0.04,-0.64,6.27,11.9,-1.89,60.63699,-146.00455,90.8,89.6,50180.1,32102,-4.5,32,25,0,0,0.469,0.413,0.602,25,0
1/19/2024,2:48:16 PM,0,SBR1,89.6,9,6.207,751,31661.3,31.77,0.61,0,49390.1,-0.14,-0.01,-0.61,6.27,11.9,-1.81,60.63699,-146.00455,90.7,89.6,50182,32104,-4.4,32,25,0,0,0.416,0.413,0.601,25,0
1/19/2024,2:48:18 PM,0,SBR1,89.7,9,6.207,750.4,31666.1,31.77,0.67,0,49397.5,-0.16,-0.02,-0.57,6.27,11.9,-1.68,60.63699,-146.00453,90.8,89.7,50189.5,32108,-4.2,32,25,0,0,0.435,0.415,0.605,25,0
1/19/2024,2:48:19 PM,0,SBR1,89.7,9,6.209,750.7,31665.9,31.77,0.73,0,49394.8,-0.32,-0.06,-0.5,6.27,11.9,-1.49,60.63699,-146.00453,90.8,89.7,50186.9,32107,-3.8,32,25,0,0,0.447,0.416,0.606,25,0
1/19/2024,2:48:20 PM,0,SBR1,89.7,9,6.209,750.8,31667.2,31.77,0.69,0,49395.6,-0.24,-0.04,-0.49,6.27,11.9,-1.47,60.63699,-146.00453,90.8,89.7,50187.7,32107,-3.4,32,25,0,0,0.454,0.416,0.607,25,0
1/19/2024,2:48:22 PM,0,SBR1,89.7,9,6.211,751.2,31670,31.77,0.66,0,49397.6,-0.07,0,-0.45,6.27,11.9,-1.37,60.63699,-146.00453,90.7,89.7,50189.9,32108,-3.2,32,25,0,0,0.447,0.396,0.577,25,0
1/19/2024,2:48:23 PM,0,SBR1,89.7,9,6.212,750.5,31669.9,31.77,0.62,0,49396,-0.13,-0.01,-0.55,6.27,11.9,-1.63,60.63699,-146.00453,90.8,89.7,50188.3,32107,-3.2,32,25,0,0,0.449,0.377,0.55,25,0
1/19/2024,2:48:24 PM,0,SBR1,89.7,9,6.213,750.8,31669.9,31.77,0.6,0,49394.5,-0.07,0,-0.67,6.27,11.9,-1.96,60.63699,-146.00455,90.8,89.7,50186.8,32106,-3.2,32,25,0,0,0.459,0.362,0.528,25,0
1/19/2024,2:48:25 PM,0,SBR1,89.7,9,6.214,750.6,31674.8,31.77,0.59,0,49400.6,-0.13,-0.01,-0.63,6.27,11.9,-1.86,60.63699,-146.00453,90.8,89.7,50193,32110,-3.2,32,25,0,0,0.451,0.353,0.514,25,0
1/19/2024,2:48:26 PM,0,SBR1,89.7,9,6.216,750.7,31680.4,31.78,0.59,0,49406.3,-0.15,-0.02,-0.51,6.27,11.9,-1.54,60.63699,-146.00455,90.8,89.7,50199,32114,-3.2,32,25,0,0,0.419,0.345,0.504,25,0
1/19/2024,2:48:27 PM,0,SBR1,89.7,9,6.218,750.9,31680.1,31.78,0.63,0,49402.2,-0.15,-0.02,-0.45,6.27,11.9,-1.35,60.637,-146.00455,90.8,89.7,50194.9,32111,-3.1,32,25,0,0,0.451,0.34,0.496,25,0
1/19/2024,2:48:32 PM,0,SBR1,89.7,9,6.229,751,31686.7,31.77,0.61,0,49397.7,-0.17,-0.02,-0.37,6.27,11.9,-1.14,60.63698,-146.00453,90.8,89.7,50190.7,32108,-2.4,32,25,0,0,0.44,0.367,0.535,25,0
1/19/2024,2:48:33 PM,0,SBR1,89.7,9,6.23,751.1,31684.5,31.77,0.72,0,49392.5,-0.08,0,-0.34,6.27,11.9,-1.05,60.63698,-146.00453,90.7,89.7,50185.5,32105,-2.4,32,25,0,0,0.418,0.379,0.553,25,0
1/19/2024,2:48:34 PM,0,SBR1,89.7,9,6.23,750.4,31683.5,31.77,0.69,0,49390.7,-0.01,0.02,-0.42,6.27,11.9,-1.28,60.63699,-146.00453,90.8,89.7,50183.7,32104,-2.3,32,25,0,0,0.436,0.384,0.56,25,0
1/19/2024,2:48:36 PM,0,SBR1,89.7,9,6.229,750.5,31680,31.77,0.71,0,49385.7,-0.16,-0.02,-0.68,6.27,11.9,-1.99,60.63699,-146.00453,90.8,89.7,50178.6,32101,-2,32,25,0,0,0.417,0.402,0.586,25,0
1/19/2024,2:48:37 PM,0,SBR1,89.7,9,6.229,751.1,31676.8,31.76,0.72,0,49380.6,-0.03,0.01,-0.62,6.27,11.9,-1.82,60.63699,-146.00453,90.7,89.7,50173.5,32097,-2,32,25,0,0,0.469,0.41,0.597,25,0
1/19/2024,2:48:39 PM,0,SBR1,89.6,8.99,6.227,750.6,31674,31.76,0.61,0,49380.3,-0.08,0,-0.49,6.27,11.9,-1.46,60.63699,-146.00453,90.8,89.6,50173,32097,-1.9,32,25,0,0,0.449,0.426,0.621,25,0
1/19/2024,2:48:41 PM,0,SBR1,89.6,9,6.224,751.1,31667.5,31.76,0.63,0,49373.8,-0.13,-0.01,-0.51,6.27,11.9,-1.54,60.63699,-146.00453,90.7,89.6,50166.3,32093,-2.2,32,25,0,0,0.458,0.434,0.633,25,0
1/19/2024,2:48:43 PM,0,SBR1,89.6,8.99,6.219,750.6,31661.4,31.75,0.76,0,49370.9,-0.17,-0.02,-0.48,6.27,11.9,-1.44,60.63699,-146.00452,90.7,89.6,50163.1,32091,-2.5,32,25,0,0,0.47,0.438,0.639,25,0
1/19/2024,2:48:44 PM,0,SBR1,89.6,9,6.217,750.7,31658.8,31.75,0.56,0,49370.6,-0.15,-0.02,-0.52,6.27,11.9,-1.55,60.63699,-146.00453,90.7,89.6,50162.7,32091,-2.8,32,25,0,0,0.412,0.437,0.637,25,0
1/19/2024,2:48:45 PM,0,SBR1,89.6,9,6.214,750.7,31655.2,31.75,0.57,0,49368.8,-0.11,-0.01,-0.46,6.27,11.9,-1.39,60.63699,-146.00452,90.7,89.6,50160.7,32090,-2.7,32,25,0,0,0.455,0.439,0.64,25,0
1/19/2024,2:48:46 PM,0,SBR1,89.6,9,6.212,750.6,31648.8,31.75,0.63,0,49362.6,-0.09,0,-0.58,6.27,11.9,-1.73,60.63699,-146.00452,90.7,89.6,50154.3,32086,-2.7,32,25,0,0,0.425,0.437,0.637,25,0
1/19/2024,2:48:48 PM,0,SBR1,89.6,9,6.206,751,31650.2,31.75,0.62,0,49374.3,-0.04,0.01,-0.53,6.27,11.9,-1.58,60.63699,-146.00452,90.7,89.6,50165.9,32093,-2.8,32,25,0,0,0.439,0.438,0.639,25,0
1/19/2024,2:48:49 PM,0,SBR1,89.6,9,6.204,751.4,31651.6,31.76,0.61,0,49378.1,-0.03,0.01,-0.55,6.27,11.9,-1.63,60.63699,-146.00453,90.6,89.6,50169.8,32096,-2.6,32,25,0,0,0.441,0.438,0.638,25,0
1/19/2024,2:48:50 PM,0,SBR1,89.6,9,6.203,750.8,31651.8,31.76,0.66,0,49380.8,0.01,0.02,-0.53,6.27,11.9,-1.59,60.63699,-146.00453,90.7,89.6,50172.4,32098,-2.6,32,25,0,0,0.426,0.438,0.638,25,0
1/19/2024,2:48:52 PM,0,SBR1,89.6,9,6.2,750.5,31652.6,31.76,0.63,0,49385.5,-0.03,0.01,-0.65,6.27,11.9,-1.91,60.63699,-146.00453,90.8,89.6,50177,32101,-2.8,32,25,0,0,0.435,0.438,0.638,25,0
1/19/2024,2:48:53 PM,0,SBR1,89.7,9,6.2,750.4,31655.9,31.77,0.72,0,49391.1,-0.04,0.01,-0.5,6.27,11.9,-1.49,60.63699,-146.00453,90.8,89.7,50182.7,32104,-2.9,32,25,0,0,0.428,0.437,0.638,25,0
1/19/2024,2:48:56 PM,0,SBR1,89.7,9,6.202,750.4,31669.3,31.78,0.6,0,49409.8,-0.07,0,-0.4,6.27,11.9,-1.23,60.63699,-146.00453,90.8,89.7,50201.8,32116,-3,32,25,0,0,0.452,0.437,0.637,25,0
1/19/2024,2:48:57 PM,0,SBR1,89.7,9.01,6.204,750.5,31673.9,31.78,0.64,0,49413.8,0.01,0.02,-0.48,6.27,11.9,-1.44,60.63699,-146.00453,90.9,89.7,50206,32119,-3,32,25,0,0,0.433,0.437,0.637,25,0
1/19/2024,2:48:58 PM,0,SBR1,89.7,9.01,6.207,750.7,31670.2,31.78,0.66,0,49404,0.05,0.03,-0.59,6.27,11.9,-1.74,60.63699,-146.00453,90.8,89.7,50196.2,32113,-3.2,32,25,0,0,0.43,0.436,0.636,25,0
1/19/2024,2:48:59 PM,0,SBR1,89.7,9.01,6.209,751,31651.4,31.75,0.67,0,49371.4,-0.04,0.01,-0.43,6.27,11.9,-1.3,60.63699,-146.00455,90.8,89.7,50163.1,32091,-3.4,32,25,0,0,0.463,0.437,0.637,25,0
1/19/2024,2:49:01 PM,0,SBR1,89.7,9,6.205,750.5,31659.6,31.77,0.65,0,49390.3,-0.02,0.02,-0.58,6.27,11.9,-1.72,60.63699,-146.00455,90.8,89.7,50182.1,32104,-4,32,25,0,0,0.424,0.435,0.635,25,0
1/19/2024,2:49:02 PM,0,SBR1,89.7,9,6.205,750.6,31659.1,31.77,0.61,0,49389.6,-0.15,-0.02,-0.55,6.27,11.9,-1.63,60.63699,-146.00453,90.8,89.7,50181.5,32103,-4.2,32,25,0,0,0.442,0.437,0.636,25,0
1/19/2024,2:49:03 PM,0,SBR1,89.7,9,6.206,751,31654.8,31.76,0.59,0,49381.5,-0.21,-0.03,-0.55,6.27,11.9,-1.63,60.63699,-146.00453,90.7,89.7,50173.2,32098,-4.3,32,25,0,0,0.295,0.432,0.63,25,0
1/19/2024,2:49:04 PM,0,SBR1,89.7,9,6.204,750.4,31649.1,31.75,0.59,0,49373.8,0.02,0.02,-0.56,6.27,11.9,-1.67,60.63699,-146.00453,90.8,89.7,50165.4,32093,-4.3,32,25,0,0,0.14,0.427,0.623,25,0
1/19/2024,2:49:05 PM,0,SBR1,89.6,9,6.203,751.1,31645.4,31.75,1718.3,0,49371.1,4.82,1.22,1.4,6.27,11.9,3.82,60.63699,-146.00453,90.7,89.6,50162.5,32091,-4.3,32,25,0,0,0.016,0.416,0.607,25,0
1/19/2024,2:49:06 PM,0,SBR1,89.6,9,6.199,750.5,31645.4,31.75,132.69,0,49375.5,6.74,1.71,4.34,6.27,11.9,12.05,60.63699,-146.00453,90.8,89.6,50166.8,32094,-4.9,32,25,0,0,-0.011,0.404,0.589,25,0
